Rit;Positie;Renner;Soort
1;1;ALAPHILIPPE Julian;h1
1;2;MATTHEWS Michael;h1
1;3;ROGLIČ Primož;h1
1;4;HAIG Jack;h1
1;5;KELDERMAN Wilco;h1
1;6;POGAČAR Tadej;h1
1;7;GAUDU David;h1
1;8;HIGUITA Sergio;h1
1;9;MOLLEMA Bauke;h1
1;10;THOMAS Geraint;h1
1;11;CHAVES Esteban;h1
1;12;BILBAO Pello;h1
1;13;VINGEGAARD Jonas;h1
1;14;LUTSENKO Alexey;h1
1;15;MAS Enric;h1
1;16;URÁN Rigoberto;h1
1;17;QUINTANA Nairo;h1
1;18;NIBALI Vincenzo;h1
1;19;ASGREEN Kasper;h1
1;20;VAN DER POEL Mathieu;h1
1;21;FUGLSANG Jakob;h1
1;22;CARAPAZ Richard;h1
1;23;ARANBURU Alex;h1
1;24;VAN AERT Wout;h1
1;25;LATOUR Pierre;h1
1;26;BENOOT Tiesj;h1
1;27;TURGIS Anthony;h1
1;28;HAMILTON Lucas;h1
1;29;VAN MOER Brent;h1
1;30;SKUJIŅŠ Toms;h1
1;31;BOIVIN Guillaume;h1
1;32;STUYVEN Jasper;h1
1;33;COLBRELLI Sonny;h1
1;34;VAN POPPEL Boy;h1
1;35;KRAGH ANDERSEN Søren;h1
1;36;GESINK Robert;h1
1;37;GARCÍA CORTINA Iván;h1
1;38;VALGREN Michael;h1
1;39;GOGL Michael;h1
1;40;O'CONNOR Ben;h1
1;41;LÓPEZ Miguel Ángel;h1
1;42;BUCHMANN Emanuel;h1
1;43;HENAO Sergio;h1
1;44;KRUIJSWIJK Steven;h1
1;45;MOHORIČ Matej;h1
1;46;MARTIN Guillaume;h1
1;47;ROLLAND Pierre;h1
1;48;CATTANEO Mattia;h1
1;49;KÜNG Stefan;h1
1;50;LAPORTE Christophe;h1
1;51;DONOVAN Mark;h1
1;52;NIEUWENHUIS Joris;h1
1;53;BISSEGGER Stefan;h1
1;54;EEKHOFF Nils;h1
1;55;DEVENYNS Dries;h1
1;56;GUERREIRO Ruben;h1
1;57;POWLESS Neilson;h1
1;58;NAESEN Oliver;h1
1;59;VAN AVERMAET Greg;h1
1;60;PARET-PEINTRE Aurélien;h1
1;61;MEINTJES Louis;h1
1;62;BARTHE Cyril;h1
1;63;PACHER Quentin;h1
1;64;POELS Wout;h1
1;65;PORTE Richie;h1
1;66;GILBERT Philippe;h1
1;67;DE BOD Stefan;h1
1;68;MEURISSE Xandro;h1
1;69;FORMOLO Davide;h1
1;70;HOULE Hugo;h1
1;71;RICKAERT Jonas;h1
1;72;VAN BAARLE Dylan;h1
1;73;SAGAN Peter;h1
1;74;MEZGEC Luka;h1
1;75;YATES Simon;h1
1;76;GESCHKE Simon;h1
1;77;BAKELANTS Jan;h1
1;78;DELAPLACE Anthony;h1
1;79;ROWE Luke;h1
1;80;KWIATKOWSKI Michał;h1
1;81;SWIFT Connor;h1
1;82;RUTSCH Jonas;h1
1;83;DE GENDT Thomas;h1
1;84;TEUNS Dylan;h1
1;85;PÖSTLBERGER Lukas;h1
1;86;BENNETT Sean;h1
1;87;CORT Magnus;h1
1;88;JUUL-JENSEN Christopher;h1
1;89;LAENGEN Vegard Stake;h1
1;90;ARMIRAIL Bruno;h1
1;91;WALLAYS Jelle;h1
1;92;BALLERINI Davide;h1
1;93;VALVERDE Alejandro;h1
1;94;BARBERO Carlos;h1
1;95;ERVITI Imanol;h1
1;96;COSTA Rui;h1
1;97;MAJKA Rafał;h1
1;98;DLAMINI Nic;h1
1;99;BERNARD Julien;h1
1;100;ELISSONDE Kenny;h1
1;101;PEREZ Anthony;h1
1;102;BOUHANNI Nacer;h1
1;103;PHILIPSEN Jasper;h1
1;104;FERNÁNDEZ Rubén;h1
1;105;BONNAMOUR Franck;h1
1;106;GAUTIER Cyril;h1
1;107;DOUBEY Fabien;h1
1;108;GESBERT Élie;h1
1;109;MADOUAS Valentin;h1
1;110;RODRÍGUEZ Cristián;h1
1;111;DE LA PARTE Víctor;h1
1;112;DÉMARE Arnaud;h1
1;113;FRAILE Omar;h1
1;114;BOASSON HAGEN Edvald;h1
1;115;VAN DER SANDE Tosh;h1
1;116;SCOTSON Miles;h1
1;117;VERONA Carlos;h1
1;118;WRIGHT Fred;h1
1;119;GUARNIERI Jacopo;h1
1;120;VAKOČ Petr;h1
1;121;MARTIN Dan;h1
1;122;CABOT Jérémy;h1
1;123;GEOGHEGAN HART Tao;h1
1;124;CASTROVIEJO Jonathan;h1
1;125;KOCH Jonas;h1
1;126;WALSCHEID Max;h1
1;127;OSS Daniel;h1
1;128;KLUGE Roger;h1
1;129;EWAN Caleb;h1
1;130;BARGUIL Warren;h1
1;131;DECLERCQ Tim;h1
1;132;CAVENDISH Mark;h1
1;133;MØRKØV Michael;h1
1;134;DURBRIDGE Luke;h1
1;135;CAMPENAERTS Victor;h1
1;136;DE BUYST Jasper;h1
1;137;CLARKE Simon;h1
1;138;MCNULTY Brandon;h1
1;139;SIMON Julien;h1
1;140;VLIEGEN Loïc;h1
1;141;VAN POPPEL Danny;h1
1;142;ARCAS Jorge;h1
1;143;ROTA Lorenzo;h1
1;144;SCHÄR Michael;h1
1;145;PETERS Nans;h1
1;146;GODON Dorian;h1
1;147;CHEVALIER Maxime;h1
1;148;DILLIER Silvan;h1
1;149;BJERG Mikkel;h1
1;150;POLITT Nils;h1
1;151;KONRAD Patrick;h1
1;152;MERLIER Tim;h1
1;153;SWEENY Harry;h1
1;154;WOODS Michael;h1
1;155;PEDERSEN Casper;h1
1;156;SBARAGLI Kristian;h1
1;157;HERRADA Jesús;h1
1;158;BOL Cees;h1
1;159;COSNEFROY Benoît;h1
1;160;ZIMMERMANN Georg;h1
1;161;GRUZDEV Dmitriy;h1
1;162;IZAGIRRE Ion;h1
1;163;GREIPEL André;h1
1;164;THEUNS Edward;h1
1;165;PÉRICHON Pierre-Luc;h1
1;166;HALLER Marco;h1
1;167;SCHELLING Ide;h1
1;168;COQUARD Bryan;h1
1;169;RUSSO Clément;h1
1;170;MCLAY Daniel;h1
1;171;FROOME Chris;h1
1;172;GOLDSTEIN Omer;h1
1;173;PEDERSEN Mads;h1
1;174;HOLLENSTEIN Reto;h1
1;175;ZABEL Rick;h1
1;176;MARTIN Tony;h1
1;177;KUSS Sepp;h1
1;178;TEUNISSEN Mike;h1
1;179;JANSEN Amund Grøndahl;h1
1;180;HIRSCHI Marc;h1
1;181;SOLER Marc;h1
1;DNF;KONOVALOVAS Ignatas;h1
1;DNF;SÜTTERLIN Jasha;h1
1;DNF;LEMOINE Cyril;h1
2;1;VAN DER POEL Mathieu;h1
2;2;POGAČAR Tadej;h1
2;3;ROGLIČ Primož;h1
2;4;KELDERMAN Wilco;h1
2;5;ALAPHILIPPE Julian;h1
2;6;MOLLEMA Bauke;h1
2;7;VINGEGAARD Jonas;h1
2;8;HIGUITA Sergio;h1
2;9;LATOUR Pierre;h1
2;10;HAIG Jack;h1
2;11;WOODS Michael;h1
2;12;CARAPAZ Richard;h1
2;13;MAS Enric;h1
2;14;GAUDU David;h1
2;15;QUINTANA Nairo;h1
2;16;LUTSENKO Alexey;h1
2;17;VALVERDE Alejandro;h1
2;18;BILBAO Pello;h1
2;19;KRUIJSWIJK Steven;h1
2;20;TEUNS Dylan;h1
2;21;CHAVES Esteban;h1
2;22;BUCHMANN Emanuel;h1
2;23;VAN AERT Wout;h1
2;24;MARTIN Guillaume;h1
2;25;URÁN Rigoberto;h1
2;26;HENAO Sergio;h1
2;27;COLBRELLI Sonny;h1
2;28;THOMAS Geraint;h1
2;29;IZAGIRRE Ion;h1
2;30;LÓPEZ Miguel Ángel;h1
2;31;FUGLSANG Jakob;h1
2;32;GUERREIRO Ruben;h1
2;33;NIBALI Vincenzo;h1
2;34;PARET-PEINTRE Aurélien;h1
2;35;MEINTJES Louis;h1
2;36;ARANBURU Alex;h1
2;37;POELS Wout;h1
2;38;PACHER Quentin;h1
2;39;HAMILTON Lucas;h1
2;40;MARTIN Dan;h1
2;41;GESBERT Élie;h1
2;42;PORTE Richie;h1
2;43;BONNAMOUR Franck;h1
2;44;KRAGH ANDERSEN Søren;h1
2;45;BENOOT Tiesj;h1
2;46;ASGREEN Kasper;h1
2;47;MEURISSE Xandro;h1
2;48;ELISSONDE Kenny;h1
2;49;SKUJIŅŠ Toms;h1
2;50;BAKELANTS Jan;h1
2;51;VAN AVERMAET Greg;h1
2;52;O'CONNOR Ben;h1
2;53;DE BOD Stefan;h1
2;54;BARGUIL Warren;h1
2;55;MOHORIČ Matej;h1
2;56;FORMOLO Davide;h1
2;57;YATES Simon;h1
2;58;SIMON Julien;h1
2;59;ROLLAND Pierre;h1
2;60;POWLESS Neilson;h1
2;61;MADOUAS Valentin;h1
2;62;BERNARD Julien;h1
2;63;COSTA Rui;h1
2;64;GESCHKE Simon;h1
2;65;MAJKA Rafał;h1
2;66;DOUBEY Fabien;h1
2;67;TURGIS Anthony;h1
2;68;DEVENYNS Dries;h1
2;69;DE LA PARTE Víctor;h1
2;70;GOGL Michael;h1
2;71;VALGREN Michael;h1
2;72;MCNULTY Brandon;h1
2;73;KÜNG Stefan;h1
2;74;FERNÁNDEZ Rubén;h1
2;75;KONRAD Patrick;h1
2;76;MATTHEWS Michael;h1
2;77;KWIATKOWSKI Michał;h1
2;78;RODRÍGUEZ Cristián;h1
2;79;GARCÍA CORTINA Iván;h1
2;80;SBARAGLI Kristian;h1
2;81;FRAILE Omar;h1
2;82;GEOGHEGAN HART Tao;h1
2;83;VERONA Carlos;h1
2;84;CASTROVIEJO Jonathan;h1
2;85;DONOVAN Mark;h1
2;86;KUSS Sepp;h1
2;87;CATTANEO Mattia;h1
2;88;MEZGEC Luka;h1
2;89;DILLIER Silvan;h1
2;90;VAN BAARLE Dylan;h1
2;91;GESINK Robert;h1
2;92;NIEUWENHUIS Joris;h1
2;93;SWIFT Connor;h1
2;94;PETERS Nans;h1
2;95;GILBERT Philippe;h1
2;96;GODON Dorian;h1
2;97;BOIVIN Guillaume;h1
2;98;DELAPLACE Anthony;h1
2;99;BOASSON HAGEN Edvald;h1
2;100;SAGAN Peter;h1
2;101;ARMIRAIL Bruno;h1
2;102;COSNEFROY Benoît;h1
2;103;CORT Magnus;h1
2;104;HOULE Hugo;h1
2;105;RICKAERT Jonas;h1
2;106;NAESEN Oliver;h1
2;107;BARTHE Cyril;h1
2;108;GAUTIER Cyril;h1
2;109;CHEVALIER Maxime;h1
2;110;VLIEGEN Loïc;h1
2;111;VAN MOER Brent;h1
2;112;VAN POPPEL Boy;h1
2;113;HERRADA Jesús;h1
2;114;GOLDSTEIN Omer;h1
2;115;CLARKE Simon;h1
2;116;RUTSCH Jonas;h1
2;117;SCHÄR Michael;h1
2;118;BISSEGGER Stefan;h1
2;119;PÉRICHON Pierre-Luc;h1
2;120;LAPORTE Christophe;h1
2;121;GRUZDEV Dmitriy;h1
2;122;CAMPENAERTS Victor;h1
2;123;BENNETT Sean;h1
2;124;EEKHOFF Nils;h1
2;125;DE GENDT Thomas;h1
2;126;ERVITI Imanol;h1
2;127;ARCAS Jorge;h1
2;128;WRIGHT Fred;h1
2;129;TEUNISSEN Mike;h1
2;130;OSS Daniel;h1
2;131;LAENGEN Vegard Stake;h1
2;132;ROTA Lorenzo;h1
2;133;COQUARD Bryan;h1
2;134;HIRSCHI Marc;h1
2;135;POLITT Nils;h1
2;136;ZABEL Rick;h1
2;137;WALLAYS Jelle;h1
2;138;FROOME Chris;h1
2;139;BARBERO Carlos;h1
2;140;PEREZ Anthony;h1
2;141;HALLER Marco;h1
2;142;VAKOČ Petr;h1
2;143;STUYVEN Jasper;h1
2;144;PÖSTLBERGER Lukas;h1
2;145;SCHELLING Ide;h1
2;146;DLAMINI Nic;h1
2;147;VAN DER SANDE Tosh;h1
2;148;VAN POPPEL Danny;h1
2;149;DECLERCQ Tim;h1
2;150;ZIMMERMANN Georg;h1
2;151;PHILIPSEN Jasper;h1
2;152;GREIPEL André;h1
2;153;RUSSO Clément;h1
2;154;MERLIER Tim;h1
2;155;DE BUYST Jasper;h1
2;156;ROWE Luke;h1
2;157;CAVENDISH Mark;h1
2;158;EWAN Caleb;h1
2;159;MØRKØV Michael;h1
2;160;PEDERSEN Mads;h1
2;161;JUUL-JENSEN Christopher;h1
2;162;SWEENY Harry;h1
2;163;HOLLENSTEIN Reto;h1
2;164;BOUHANNI Nacer;h1
2;165;MARTIN Tony;h1
2;166;BJERG Mikkel;h1
2;167;PEDERSEN Casper;h1
2;168;WALSCHEID Max;h1
2;169;GUARNIERI Jacopo;h1
2;170;BALLERINI Davide;h1
2;171;SCOTSON Miles;h1
2;172;DÉMARE Arnaud;h1
2;173;KOCH Jonas;h1
2;174;KLUGE Roger;h1
2;175;JANSEN Amund Grøndahl;h1
2;176;DURBRIDGE Luke;h1
2;177;MCLAY Daniel;h1
2;178;CABOT Jérémy;h1
2;179;THEUNS Edward;h1
2;180;BOL Cees;h1
2;DNS;SOLER Marc;h1
3;1;MERLIER Tim;v1
3;2;PHILIPSEN Jasper;v1
3;3;BOUHANNI Nacer;v1
3;4;BALLERINI Davide;v1
3;5;COLBRELLI Sonny;v1
3;6;ALAPHILIPPE Julian;v1
3;7;VAN DER POEL Mathieu;v1
3;8;BOL Cees;v1
3;9;TURGIS Anthony;v1
3;10;WALSCHEID Max;v1
3;11;MOHORIČ Matej;v1
3;12;SCOTSON Miles;v1
3;13;CARAPAZ Richard;v1
3;14;KRAGH ANDERSEN Søren;v1
3;15;VAN AERT Wout;v1
3;16;RICKAERT Jonas;v1
3;17;EEKHOFF Nils;v1
3;18;MATTHEWS Michael;v1
3;19;MAS Enric;v1
3;20;VAN POPPEL Boy;v1
3;21;NIBALI Vincenzo;v1
3;22;FUGLSANG Jakob;v1
3;23;BOIVIN Guillaume;v1
3;24;DOUBEY Fabien;v1
3;25;QUINTANA Nairo;v1
3;26;KELDERMAN Wilco;v1
3;27;LATOUR Pierre;v1
3;28;CAMPENAERTS Victor;v1
3;29;HENAO Sergio;v1
3;30;VLIEGEN Loïc;v1
3;31;BAKELANTS Jan;v1
3;32;KOCH Jonas;v1
3;33;VAN POPPEL Danny;v1
3;34;BARBERO Carlos;v1
3;35;POGAČAR Tadej;v1
3;36;BJERG Mikkel;v1
3;37;HIGUITA Sergio;v1
3;38;GARCÍA CORTINA Iván;v1
3;39;CORT Magnus;v1
3;40;MOLLEMA Bauke;v1
3;41;MEZGEC Luka;v1
3;42;GAUDU David;v1
3;43;LUTSENKO Alexey;v1
3;44;URÁN Rigoberto;v1
3;45;SKUJIŅŠ Toms;v1
3;46;VAN AVERMAET Greg;v1
3;47;NIEUWENHUIS Joris;v1
3;48;THOMAS Geraint;v1
3;49;CHAVES Esteban;v1
3;50;MEINTJES Louis;v1
3;51;BERNARD Julien;v1
3;52;BUCHMANN Emanuel;v1
3;53;POELS Wout;v1
3;54;GAUTIER Cyril;v1
3;55;WRIGHT Fred;v1
3;56;LAENGEN Vegard Stake;v1
3;57;PARET-PEINTRE Aurélien;v1
3;58;MEURISSE Xandro;v1
3;59;NAESEN Oliver;v1
3;60;GODON Dorian;v1
3;61;GESBERT Élie;v1
3;62;ASGREEN Kasper;v1
3;63;KÜNG Stefan;v1
3;64;BOASSON HAGEN Edvald;v1
3;65;SIMON Julien;v1
3;66;DONOVAN Mark;v1
3;67;HAMILTON Lucas;v1
3;68;FORMOLO Davide;v1
3;69;PORTE Richie;v1
3;70;GUERREIRO Ruben;v1
3;71;GUARNIERI Jacopo;v1
3;72;CATTANEO Mattia;v1
3;73;O'CONNOR Ben;v1
3;74;PACHER Quentin;v1
3;75;MARTIN Guillaume;v1
3;76;DELAPLACE Anthony;v1
3;77;MØRKØV Michael;v1
3;78;BARTHE Cyril;v1
3;79;STUYVEN Jasper;v1
3;80;SAGAN Peter;v1
3;81;BONNAMOUR Franck;v1
3;82;KWIATKOWSKI Michał;v1
3;83;ZABEL Rick;v1
3;84;ZIMMERMANN Georg;v1
3;85;GREIPEL André;v1
3;86;ELISSONDE Kenny;v1
3;87;VALGREN Michael;v1
3;88;BISSEGGER Stefan;v1
3;89;ROTA Lorenzo;v1
3;90;VALVERDE Alejandro;v1
3;91;TEUNISSEN Mike;v1
3;92;ROGLIČ Primož;v1
3;93;LÓPEZ Miguel Ángel;v1
3;94;BILBAO Pello;v1
3;95;TEUNS Dylan;v1
3;96;VINGEGAARD Jonas;v1
3;97;DILLIER Silvan;v1
3;98;KRUIJSWIJK Steven;v1
3;99;ROLLAND Pierre;v1
3;100;ERVITI Imanol;v1
3;101;COSTA Rui;v1
3;102;DLAMINI Nic;v1
3;103;SWIFT Connor;v1
3;104;VERONA Carlos;v1
3;105;POWLESS Neilson;v1
3;106;DE BOD Stefan;v1
3;107;PEDERSEN Mads;v1
3;108;THEUNS Edward;v1
3;109;CASTROVIEJO Jonathan;v1
3;110;FRAILE Omar;v1
3;111;IZAGIRRE Ion;v1
3;112;PETERS Nans;v1
3;113;BENOOT Tiesj;v1
3;114;RODRÍGUEZ Cristián;v1
3;115;DE LA PARTE Víctor;v1
3;116;COSNEFROY Benoît;v1
3;117;KONRAD Patrick;v1
3;118;WALLAYS Jelle;v1
3;119;SBARAGLI Kristian;v1
3;120;VAKOČ Petr;v1
3;121;MARTIN Dan;v1
3;122;ROWE Luke;v1
3;123;FROOME Chris;v1
3;124;HOLLENSTEIN Reto;v1
3;125;WOODS Michael;v1
3;126;SCHÄR Michael;v1
3;127;LAPORTE Christophe;v1
3;128;GESCHKE Simon;v1
3;129;PEDERSEN Casper;v1
3;130;YATES Simon;v1
3;131;MARTIN Tony;v1
3;132;MCNULTY Brandon;v1
3;133;MAJKA Rafał;v1
3;134;GOGL Michael;v1
3;135;GILBERT Philippe;v1
3;136;FERNÁNDEZ Rubén;v1
3;137;VAN DER SANDE Tosh;v1
3;138;HOULE Hugo;v1
3;139;PÖSTLBERGER Lukas;v1
3;140;GEOGHEGAN HART Tao;v1
3;141;DURBRIDGE Luke;v1
3;142;VAN BAARLE Dylan;v1
3;143;POLITT Nils;v1
3;144;DECLERCQ Tim;v1
3;145;HERRADA Jesús;v1
3;146;PEREZ Anthony;v1
3;147;GRUZDEV Dmitriy;v1
3;148;HIRSCHI Marc;v1
3;149;ARANBURU Alex;v1
3;150;VAN MOER Brent;v1
3;151;SWEENY Harry;v1
3;152;JUUL-JENSEN Christopher;v1
3;153;ARMIRAIL Bruno;v1
3;154;DÉMARE Arnaud;v1
3;155;ARCAS Jorge;v1
3;156;DEVENYNS Dries;v1
3;157;GOLDSTEIN Omer;v1
3;158;CABOT Jérémy;v1
3;159;MADOUAS Valentin;v1
3;160;PÉRICHON Pierre-Luc;v1
3;161;CLARKE Simon;v1
3;162;BENNETT Sean;v1
3;163;JANSEN Amund Grøndahl;v1
3;164;KUSS Sepp;v1
3;165;RUTSCH Jonas;v1
3;166;CHEVALIER Maxime;v1
3;167;COQUARD Bryan;v1
3;168;CAVENDISH Mark;v1
3;169;DE GENDT Thomas;v1
3;170;KLUGE Roger;v1
3;171;BARGUIL Warren;v1
3;172;MCLAY Daniel;v1
3;173;RUSSO Clément;v1
3;174;DE BUYST Jasper;v1
3;175;OSS Daniel;v1
3;176;SCHELLING Ide;v1
3;177;HALLER Marco;v1
3;178;EWAN Caleb;v1
3;DNF;GESINK Robert;v1
3;DNF;HAIG Jack;v1
4;1;CAVENDISH Mark;v1
4;2;BOUHANNI Nacer;v1
4;3;PHILIPSEN Jasper;v1
4;4;MATTHEWS Michael;v1
4;5;SAGAN Peter;v1
4;6;BOL Cees;v1
4;7;LAPORTE Christophe;v1
4;8;PEDERSEN Mads;v1
4;9;VAN POPPEL Boy;v1
4;10;GREIPEL André;v1
4;11;COLBRELLI Sonny;v1
4;12;VAN DER POEL Mathieu;v1
4;13;EEKHOFF Nils;v1
4;14;LUTSENKO Alexey;v1
4;15;ZABEL Rick;v1
4;16;WALSCHEID Max;v1
4;17;COQUARD Bryan;v1
4;18;POELS Wout;v1
4;19;BARTHE Cyril;v1
4;20;GARCÍA CORTINA Iván;v1
4;21;BOIVIN Guillaume;v1
4;22;GAUDU David;v1
4;23;PARET-PEINTRE Aurélien;v1
4;24;BOASSON HAGEN Edvald;v1
4;25;VAN AERT Wout;v1
4;26;RUSSO Clément;v1
4;27;ASGREEN Kasper;v1
4;28;POGAČAR Tadej;v1
4;29;SIMON Julien;v1
4;30;MAS Enric;v1
4;31;NIBALI Vincenzo;v1
4;32;CARAPAZ Richard;v1
4;33;SWIFT Connor;v1
4;34;QUINTANA Nairo;v1
4;35;MERLIER Tim;v1
4;36;DILLIER Silvan;v1
4;37;NAESEN Oliver;v1
4;38;KRAGH ANDERSEN Søren;v1
4;39;ALAPHILIPPE Julian;v1
4;40;FORMOLO Davide;v1
4;41;RICKAERT Jonas;v1
4;42;KELDERMAN Wilco;v1
4;43;MOHORIČ Matej;v1
4;44;HIGUITA Sergio;v1
4;45;MOLLEMA Bauke;v1
4;46;DÉMARE Arnaud;v1
4;47;ROWE Luke;v1
4;48;CAMPENAERTS Victor;v1
4;49;VAN MOER Brent;v1
4;50;LATOUR Pierre;v1
4;51;HAMILTON Lucas;v1
4;52;KOCH Jonas;v1
4;53;MEINTJES Louis;v1
4;54;VINGEGAARD Jonas;v1
4;55;THOMAS Geraint;v1
4;56;O'CONNOR Ben;v1
4;57;MARTIN Guillaume;v1
4;58;HENAO Sergio;v1
4;59;BONNAMOUR Franck;v1
4;60;DOUBEY Fabien;v1
4;61;ROGLIČ Primož;v1
4;62;TEUNISSEN Mike;v1
4;63;LAENGEN Vegard Stake;v1
4;64;STUYVEN Jasper;v1
4;65;URÁN Rigoberto;v1
4;66;VLIEGEN Loïc;v1
4;67;CORT Magnus;v1
4;68;BUCHMANN Emanuel;v1
4;69;ARCAS Jorge;v1
4;70;CHAVES Esteban;v1
4;71;VALGREN Michael;v1
4;72;TURGIS Anthony;v1
4;73;GUERREIRO Ruben;v1
4;74;BILBAO Pello;v1
4;75;ERVITI Imanol;v1
4;76;MEZGEC Luka;v1
4;77;BAKELANTS Jan;v1
4;78;DONOVAN Mark;v1
4;79;KRUIJSWIJK Steven;v1
4;80;FUGLSANG Jakob;v1
4;81;PORTE Richie;v1
4;82;LÓPEZ Miguel Ángel;v1
4;83;GILBERT Philippe;v1
4;84;SKUJIŅŠ Toms;v1
4;85;PACHER Quentin;v1
4;86;FERNÁNDEZ Rubén;v1
4;87;VAN AVERMAET Greg;v1
4;88;BENOOT Tiesj;v1
4;89;GODON Dorian;v1
4;90;MARTIN Tony;v1
4;91;SCHÄR Michael;v1
4;92;MCNULTY Brandon;v1
4;93;POLITT Nils;v1
4;94;DE BOD Stefan;v1
4;95;GESBERT Élie;v1
4;96;VALVERDE Alejandro;v1
4;97;KÜNG Stefan;v1
4;98;COSNEFROY Benoît;v1
4;99;PETERS Nans;v1
4;100;KONRAD Patrick;v1
4;101;GOLDSTEIN Omer;v1
4;102;POWLESS Neilson;v1
4;103;TEUNS Dylan;v1
4;104;GESCHKE Simon;v1
4;105;GRUZDEV Dmitriy;v1
4;106;GAUTIER Cyril;v1
4;107;SWEENY Harry;v1
4;108;WOODS Michael;v1
4;109;ELISSONDE Kenny;v1
4;110;CATTANEO Mattia;v1
4;111;HOULE Hugo;v1
4;112;ROLLAND Pierre;v1
4;113;BARGUIL Warren;v1
4;114;BERNARD Julien;v1
4;115;SCOTSON Miles;v1
4;116;CHEVALIER Maxime;v1
4;117;DE LA PARTE Víctor;v1
4;118;RUTSCH Jonas;v1
4;119;MARTIN Dan;v1
4;120;MØRKØV Michael;v1
4;121;SBARAGLI Kristian;v1
4;122;DELAPLACE Anthony;v1
4;123;MADOUAS Valentin;v1
4;124;GUARNIERI Jacopo;v1
4;125;RODRÍGUEZ Cristián;v1
4;126;DE GENDT Thomas;v1
4;127;FROOME Chris;v1
4;128;DEVENYNS Dries;v1
4;129;MCLAY Daniel;v1
4;130;NIEUWENHUIS Joris;v1
4;131;BARBERO Carlos;v1
4;132;VAN DER SANDE Tosh;v1
4;133;DE BUYST Jasper;v1
4;134;WALLAYS Jelle;v1
4;135;WRIGHT Fred;v1
4;136;HALLER Marco;v1
4;137;VAN BAARLE Dylan;v1
4;138;OSS Daniel;v1
4;139;MAJKA Rafał;v1
4;140;ROTA Lorenzo;v1
4;141;COSTA Rui;v1
4;142;DLAMINI Nic;v1
4;143;DURBRIDGE Luke;v1
4;144;BISSEGGER Stefan;v1
4;145;VAN POPPEL Danny;v1
4;146;HERRADA Jesús;v1
4;147;IZAGIRRE Ion;v1
4;148;FRAILE Omar;v1
4;149;ARANBURU Alex;v1
4;150;JANSEN Amund Grøndahl;v1
4;151;VERONA Carlos;v1
4;152;HIRSCHI Marc;v1
4;153;PEREZ Anthony;v1
4;154;ZIMMERMANN Georg;v1
4;155;THEUNS Edward;v1
4;156;HOLLENSTEIN Reto;v1
4;157;PÖSTLBERGER Lukas;v1
4;158;KWIATKOWSKI Michał;v1
4;159;GOGL Michael;v1
4;160;CASTROVIEJO Jonathan;v1
4;161;KUSS Sepp;v1
4;162;BENNETT Sean;v1
4;163;ARMIRAIL Bruno;v1
4;164;DECLERCQ Tim;v1
4;165;SCHELLING Ide;v1
4;166;GEOGHEGAN HART Tao;v1
4;167;PEDERSEN Casper;v1
4;168;VAKOČ Petr;v1
4;169;YATES Simon;v1
4;170;CLARKE Simon;v1
4;171;CABOT Jérémy;v1
4;172;MEURISSE Xandro;v1
4;173;BJERG Mikkel;v1
4;174;JUUL-JENSEN Christopher;v1
4;175;PÉRICHON Pierre-Luc;v1
4;176;BALLERINI Davide;v1
4;177;KLUGE Roger;v1
4;DNS;EWAN Caleb;v1
5;1;POGAČAR Tadej;v1
5;2;KÜNG Stefan;v1
5;3;VINGEGAARD Jonas;v1
5;4;VAN AERT Wout;v1
5;5;VAN DER POEL Mathieu;v1
5;6;ASGREEN Kasper;v1
5;7;ROGLIČ Primož;v1
5;8;CATTANEO Mattia;v1
5;9;PORTE Richie;v1
5;10;LUTSENKO Alexey;v1
5;11;BJERG Mikkel;v1
5;12;CORT Magnus;v1
5;13;URÁN Rigoberto;v1
5;14;ALAPHILIPPE Julian;v1
5;15;LATOUR Pierre;v1
5;16;THOMAS Geraint;v1
5;17;KRAGH ANDERSEN Søren;v1
5;18;BISSEGGER Stefan;v1
5;19;POWLESS Neilson;v1
5;20;DURBRIDGE Luke;v1
5;21;KRUIJSWIJK Steven;v1
5;22;PEREZ Anthony;v1
5;23;CARAPAZ Richard;v1
5;24;FRAILE Omar;v1
5;25;MOLLEMA Bauke;v1
5;26;MAS Enric;v1
5;27;KELDERMAN Wilco;v1
5;28;WALSCHEID Max;v1
5;29;FUGLSANG Jakob;v1
5;30;SWEENY Harry;v1
5;31;O'CONNOR Ben;v1
5;32;DE GENDT Thomas;v1
5;33;KUSS Sepp;v1
5;34;HOULE Hugo;v1
5;35;PÖSTLBERGER Lukas;v1
5;36;MOHORIČ Matej;v1
5;37;MEURISSE Xandro;v1
5;38;HENAO Sergio;v1
5;39;TEUNS Dylan;v1
5;40;LÓPEZ Miguel Ángel;v1
5;41;BILBAO Pello;v1
5;42;GUERREIRO Ruben;v1
5;43;RUTSCH Jonas;v1
5;44;GAUDU David;v1
5;45;DE BOD Stefan;v1
5;46;BALLERINI Davide;v1
5;47;YATES Simon;v1
5;48;BUCHMANN Emanuel;v1
5;49;NIBALI Vincenzo;v1
5;50;SKUJIŅŠ Toms;v1
5;51;QUINTANA Nairo;v1
5;52;PARET-PEINTRE Aurélien;v1
5;53;POELS Wout;v1
5;54;HIGUITA Sergio;v1
5;55;ARANBURU Alex;v1
5;56;HAMILTON Lucas;v1
5;57;VALGREN Michael;v1
5;58;CABOT Jérémy;v1
5;59;TURGIS Anthony;v1
5;60;MEINTJES Louis;v1
5;61;GODON Dorian;v1
5;62;CHAVES Esteban;v1
5;63;PÉRICHON Pierre-Luc;v1
5;64;SCHÄR Michael;v1
5;65;IZAGIRRE Ion;v1
5;66;BAKELANTS Jan;v1
5;67;COSNEFROY Benoît;v1
5;68;DELAPLACE Anthony;v1
5;69;VAN AVERMAET Greg;v1
5;70;MARTIN Guillaume;v1
5;71;DONOVAN Mark;v1
5;72;RICKAERT Jonas;v1
5;73;SWIFT Connor;v1
5;74;EEKHOFF Nils;v1
5;75;TEUNISSEN Mike;v1
5;76;POLITT Nils;v1
5;77;CAVENDISH Mark;v1
5;78;DILLIER Silvan;v1
5;79;BONNAMOUR Franck;v1
5;80;VALVERDE Alejandro;v1
5;81;MARTIN Tony;v1
5;82;GOLDSTEIN Omer;v1
5;83;BENOOT Tiesj;v1
5;84;NIEUWENHUIS Joris;v1
5;85;PETERS Nans;v1
5;86;DE LA PARTE Víctor;v1
5;87;COLBRELLI Sonny;v1
5;88;OSS Daniel;v1
5;89;HALLER Marco;v1
5;90;VAN POPPEL Danny;v1
5;91;GESBERT Élie;v1
5;92;ERVITI Imanol;v1
5;93;HERRADA Jesús;v1
5;94;PACHER Quentin;v1
5;95;CAMPENAERTS Victor;v1
5;96;MØRKØV Michael;v1
5;97;PEDERSEN Casper;v1
5;98;MATTHEWS Michael;v1
5;99;CHEVALIER Maxime;v1
5;100;DOUBEY Fabien;v1
5;101;VAN BAARLE Dylan;v1
5;102;BOIVIN Guillaume;v1
5;103;BARGUIL Warren;v1
5;104;FERNÁNDEZ Rubén;v1
5;105;MARTIN Dan;v1
5;106;SAGAN Peter;v1
5;107;ROTA Lorenzo;v1
5;108;MADOUAS Valentin;v1
5;109;WOODS Michael;v1
5;110;GESCHKE Simon;v1
5;111;ROLLAND Pierre;v1
5;112;RUSSO Clément;v1
5;113;BOASSON HAGEN Edvald;v1
5;114;FORMOLO Davide;v1
5;115;GRUZDEV Dmitriy;v1
5;116;JUUL-JENSEN Christopher;v1
5;117;CLARKE Simon;v1
5;118;NAESEN Oliver;v1
5;119;BENNETT Sean;v1
5;120;WRIGHT Fred;v1
5;121;FROOME Chris;v1
5;122;VLIEGEN Loïc;v1
5;123;SCOTSON Miles;v1
5;124;DEVENYNS Dries;v1
5;125;DECLERCQ Tim;v1
5;126;VAKOČ Petr;v1
5;127;DE BUYST Jasper;v1
5;128;VAN DER SANDE Tosh;v1
5;129;MAJKA Rafał;v1
5;130;HIRSCHI Marc;v1
5;131;BERNARD Julien;v1
5;132;BARTHE Cyril;v1
5;133;DLAMINI Nic;v1
5;134;PHILIPSEN Jasper;v1
5;135;ROWE Luke;v1
5;136;GARCÍA CORTINA Iván;v1
5;137;VAN MOER Brent;v1
5;138;VAN POPPEL Boy;v1
5;139;GOGL Michael;v1
5;140;LAENGEN Vegard Stake;v1
5;141;COSTA Rui;v1
5;142;SIMON Julien;v1
5;143;ARMIRAIL Bruno;v1
5;144;GREIPEL André;v1
5;145;DÉMARE Arnaud;v1
5;146;GAUTIER Cyril;v1
5;147;ZABEL Rick;v1
5;148;GILBERT Philippe;v1
5;149;RODRÍGUEZ Cristián;v1
5;150;KOCH Jonas;v1
5;151;ARCAS Jorge;v1
5;152;ZIMMERMANN Georg;v1
5;153;BOL Cees;v1
5;154;THEUNS Edward;v1
5;155;JANSEN Amund Grøndahl;v1
5;156;GUARNIERI Jacopo;v1
5;157;STUYVEN Jasper;v1
5;158;GEOGHEGAN HART Tao;v1
5;159;BARBERO Carlos;v1
5;160;LAPORTE Christophe;v1
5;161;WALLAYS Jelle;v1
5;162;KONRAD Patrick;v1
5;163;MEZGEC Luka;v1
5;164;MCLAY Daniel;v1
5;165;CASTROVIEJO Jonathan;v1
5;166;SCHELLING Ide;v1
5;167;MERLIER Tim;v1
5;168;SBARAGLI Kristian;v1
5;169;KWIATKOWSKI Michał;v1
5;170;HOLLENSTEIN Reto;v1
5;171;ELISSONDE Kenny;v1
5;172;BOUHANNI Nacer;v1
5;173;COQUARD Bryan;v1
5;174;PEDERSEN Mads;v1
5;175;KLUGE Roger;v1
5;176;VERONA Carlos;v1
5;177;MCNULTY Brandon;v1
6;1;CAVENDISH Mark;v1
6;2;PHILIPSEN Jasper;v1
6;3;BOUHANNI Nacer;v1
6;4;DÉMARE Arnaud;v1
6;5;SAGAN Peter;v1
6;6;BOL Cees;v1
6;7;MERLIER Tim;v1
6;8;VAN AERT Wout;v1
6;9;MATTHEWS Michael;v1
6;10;PEDERSEN Mads;v1
6;11;COLBRELLI Sonny;v1
6;12;DE BUYST Jasper;v1
6;13;WALSCHEID Max;v1
6;14;ZABEL Rick;v1
6;15;TEUNISSEN Mike;v1
6;16;COQUARD Bryan;v1
6;17;VAN DER SANDE Tosh;v1
6;18;VAN POPPEL Danny;v1
6;19;TURGIS Anthony;v1
6;20;GARCÍA CORTINA Iván;v1
6;21;MØRKØV Michael;v1
6;22;LAPORTE Christophe;v1
6;23;GREIPEL André;v1
6;24;MOHORIČ Matej;v1
6;25;POGAČAR Tadej;v1
6;26;MEZGEC Luka;v1
6;27;BARTHE Cyril;v1
6;28;RICKAERT Jonas;v1
6;29;EEKHOFF Nils;v1
6;30;COSNEFROY Benoît;v1
6;31;CARAPAZ Richard;v1
6;32;MAS Enric;v1
6;33;NIEUWENHUIS Joris;v1
6;34;VAN DER POEL Mathieu;v1
6;35;KELDERMAN Wilco;v1
6;36;CAMPENAERTS Victor;v1
6;37;DILLIER Silvan;v1
6;38;STUYVEN Jasper;v1
6;39;JANSEN Amund Grøndahl;v1
6;40;SWEENY Harry;v1
6;41;PETERS Nans;v1
6;42;BALLERINI Davide;v1
6;43;BOASSON HAGEN Edvald;v1
6;44;KRAGH ANDERSEN Søren;v1
6;45;MCLAY Daniel;v1
6;46;THOMAS Geraint;v1
6;47;SIMON Julien;v1
6;48;GAUDU David;v1
6;49;NIBALI Vincenzo;v1
6;50;LUTSENKO Alexey;v1
6;51;BOIVIN Guillaume;v1
6;52;ERVITI Imanol;v1
6;53;VALVERDE Alejandro;v1
6;54;GODON Dorian;v1
6;55;FORMOLO Davide;v1
6;56;VAN AVERMAET Greg;v1
6;57;LATOUR Pierre;v1
6;58;DOUBEY Fabien;v1
6;59;HAMILTON Lucas;v1
6;60;O'CONNOR Ben;v1
6;61;FUGLSANG Jakob;v1
6;62;QUINTANA Nairo;v1
6;63;LAENGEN Vegard Stake;v1
6;64;BARBERO Carlos;v1
6;65;HENAO Sergio;v1
6;66;ALAPHILIPPE Julian;v1
6;67;MARTIN Guillaume;v1
6;68;DURBRIDGE Luke;v1
6;69;PARET-PEINTRE Aurélien;v1
6;70;GILBERT Philippe;v1
6;71;BONNAMOUR Franck;v1
6;72;BUCHMANN Emanuel;v1
6;73;SCOTSON Miles;v1
6;74;ROGLIČ Primož;v1
6;75;POLITT Nils;v1
6;76;ASGREEN Kasper;v1
6;77;BARGUIL Warren;v1
6;78;VALGREN Michael;v1
6;79;LÓPEZ Miguel Ángel;v1
6;80;VINGEGAARD Jonas;v1
6;81;PEDERSEN Casper;v1
6;82;BISSEGGER Stefan;v1
6;83;URÁN Rigoberto;v1
6;84;MEINTJES Louis;v1
6;85;BILBAO Pello;v1
6;86;RUTSCH Jonas;v1
6;87;CORT Magnus;v1
6;88;BAKELANTS Jan;v1
6;89;KRUIJSWIJK Steven;v1
6;90;POELS Wout;v1
6;91;CHAVES Esteban;v1
6;92;SKUJIŅŠ Toms;v1
6;93;BENOOT Tiesj;v1
6;94;HOULE Hugo;v1
6;95;CHEVALIER Maxime;v1
6;96;PORTE Richie;v1
6;97;MOLLEMA Bauke;v1
6;98;KONRAD Patrick;v1
6;99;VAN MOER Brent;v1
6;100;GUERREIRO Ruben;v1
6;101;PACHER Quentin;v1
6;102;TEUNS Dylan;v1
6;103;MADOUAS Valentin;v1
6;104;WOODS Michael;v1
6;105;SCHÄR Michael;v1
6;106;VAN POPPEL Boy;v1
6;107;ELISSONDE Kenny;v1
6;108;GOLDSTEIN Omer;v1
6;109;CATTANEO Mattia;v1
6;110;RODRÍGUEZ Cristián;v1
6;111;FERNÁNDEZ Rubén;v1
6;112;BERNARD Julien;v1
6;113;HIGUITA Sergio;v1
6;114;DLAMINI Nic;v1
6;115;DE BOD Stefan;v1
6;116;SWIFT Connor;v1
6;117;DE LA PARTE Víctor;v1
6;118;ROLLAND Pierre;v1
6;119;MARTIN Dan;v1
6;120;NAESEN Oliver;v1
6;121;MARTIN Tony;v1
6;122;KUSS Sepp;v1
6;123;DELAPLACE Anthony;v1
6;124;GAUTIER Cyril;v1
6;125;RUSSO Clément;v1
6;126;GESBERT Élie;v1
6;127;KOCH Jonas;v1
6;128;MCNULTY Brandon;v1
6;129;THEUNS Edward;v1
6;130;GRUZDEV Dmitriy;v1
6;131;FROOME Chris;v1
6;132;WRIGHT Fred;v1
6;133;GESCHKE Simon;v1
6;134;DE GENDT Thomas;v1
6;135;POWLESS Neilson;v1
6;136;SBARAGLI Kristian;v1
6;137;ROWE Luke;v1
6;138;KLUGE Roger;v1
6;139;VAN BAARLE Dylan;v1
6;140;DONOVAN Mark;v1
6;141;HOLLENSTEIN Reto;v1
6;142;KÜNG Stefan;v1
6;143;ARCAS Jorge;v1
6;144;PÖSTLBERGER Lukas;v1
6;145;KWIATKOWSKI Michał;v1
6;146;ZIMMERMANN Georg;v1
6;147;GOGL Michael;v1
6;148;ROTA Lorenzo;v1
6;149;VLIEGEN Loïc;v1
6;150;WALLAYS Jelle;v1
6;151;CASTROVIEJO Jonathan;v1
6;152;HERRADA Jesús;v1
6;153;GEOGHEGAN HART Tao;v1
6;154;YATES Simon;v1
6;155;COSTA Rui;v1
6;156;CLARKE Simon;v1
6;157;MEURISSE Xandro;v1
6;158;MAJKA Rafał;v1
6;159;VAKOČ Petr;v1
6;160;ARANBURU Alex;v1
6;161;VERONA Carlos;v1
6;162;IZAGIRRE Ion;v1
6;163;PÉRICHON Pierre-Luc;v1
6;164;FRAILE Omar;v1
6;165;ARMIRAIL Bruno;v1
6;166;HIRSCHI Marc;v1
6;167;BENNETT Sean;v1
6;168;DECLERCQ Tim;v1
6;169;DEVENYNS Dries;v1
6;170;OSS Daniel;v1
6;171;SCHELLING Ide;v1
6;172;CABOT Jérémy;v1
6;173;JUUL-JENSEN Christopher;v1
6;174;BJERG Mikkel;v1
6;175;HALLER Marco;v1
6;176;GUARNIERI Jacopo;v1
6;177;PEREZ Anthony;v1
7;1;MOHORIČ Matej;v1
7;2;STUYVEN Jasper;v1
7;3;CORT Magnus;v1
7;4;VAN DER POEL Mathieu;v1
7;5;ASGREEN Kasper;v1
7;6;BONNAMOUR Franck;v1
7;7;KONRAD Patrick;v1
7;8;VAN AERT Wout;v1
7;9;VAN MOER Brent;v1
7;10;GODON Dorian;v1
7;11;SKUJIŅŠ Toms;v1
7;12;HOULE Hugo;v1
7;13;NIBALI Vincenzo;v1
7;14;YATES Simon;v1
7;15;MEURISSE Xandro;v1
7;16;GILBERT Philippe;v1
7;17;BAKELANTS Jan;v1
7;18;KRAGH ANDERSEN Søren;v1
7;19;ALAPHILIPPE Julian;v1
7;20;MAS Enric;v1
7;21;CARAPAZ Richard;v1
7;22;LATOUR Pierre;v1
7;23;HIGUITA Sergio;v1
7;24;LUTSENKO Alexey;v1
7;25;VINGEGAARD Jonas;v1
7;26;POGAČAR Tadej;v1
7;27;HENAO Sergio;v1
7;28;MOLLEMA Bauke;v1
7;29;BILBAO Pello;v1
7;30;CHAVES Esteban;v1
7;31;O'CONNOR Ben;v1
7;32;ELISSONDE Kenny;v1
7;33;MEINTJES Louis;v1
7;34;PORTE Richie;v1
7;35;BUCHMANN Emanuel;v1
7;36;PARET-PEINTRE Aurélien;v1
7;37;URÁN Rigoberto;v1
7;38;FUGLSANG Jakob;v1
7;39;GAUDU David;v1
7;40;MARTIN Guillaume;v1
7;41;THOMAS Geraint;v1
7;42;KRUIJSWIJK Steven;v1
7;43;BERNARD Julien;v1
7;44;ROLLAND Pierre;v1
7;45;MAJKA Rafał;v1
7;46;HAMILTON Lucas;v1
7;47;RODRÍGUEZ Cristián;v1
7;48;KELDERMAN Wilco;v1
7;49;LÓPEZ Miguel Ángel;v1
7;50;VALVERDE Alejandro;v1
7;51;KWIATKOWSKI Michał;v1
7;52;CASTROVIEJO Jonathan;v1
7;53;ERVITI Imanol;v1
7;54;VAN BAARLE Dylan;v1
7;55;POELS Wout;v1
7;56;GARCÍA CORTINA Iván;v1
7;57;MADOUAS Valentin;v1
7;58;POWLESS Neilson;v1
7;59;DE GENDT Thomas;v1
7;60;PACHER Quentin;v1
7;61;CATTANEO Mattia;v1
7;62;DONOVAN Mark;v1
7;63;GESCHKE Simon;v1
7;64;BARGUIL Warren;v1
7;65;ROGLIČ Primož;v1
7;66;MARTIN Dan;v1
7;67;SCHÄR Michael;v1
7;68;CAMPENAERTS Victor;v1
7;69;GESBERT Élie;v1
7;70;SWEENY Harry;v1
7;71;DEVENYNS Dries;v1
7;72;COSNEFROY Benoît;v1
7;73;TEUNS Dylan;v1
7;74;TEUNISSEN Mike;v1
7;75;VLIEGEN Loïc;v1
7;76;ROTA Lorenzo;v1
7;77;VALGREN Michael;v1
7;78;BARTHE Cyril;v1
7;79;PÉRICHON Pierre-Luc;v1
7;80;FERNÁNDEZ Rubén;v1
7;81;VAN AVERMAET Greg;v1
7;82;HERRADA Jesús;v1
7;83;ARMIRAIL Bruno;v1
7;84;KUSS Sepp;v1
7;85;COLBRELLI Sonny;v1
7;86;POLITT Nils;v1
7;87;KÜNG Stefan;v1
7;88;IZAGIRRE Ion;v1
7;89;DECLERCQ Tim;v1
7;90;FRAILE Omar;v1
7;91;ARANBURU Alex;v1
7;92;GRUZDEV Dmitriy;v1
7;93;DELAPLACE Anthony;v1
7;94;HALLER Marco;v1
7;95;VAN POPPEL Boy;v1
7;96;DE LA PARTE Víctor;v1
7;97;VERONA Carlos;v1
7;98;DE BOD Stefan;v1
7;99;ARCAS Jorge;v1
7;100;WOODS Michael;v1
7;101;RICKAERT Jonas;v1
7;102;LAPORTE Christophe;v1
7;103;PEREZ Anthony;v1
7;104;JANSEN Amund Grøndahl;v1
7;105;BOASSON HAGEN Edvald;v1
7;106;PETERS Nans;v1
7;107;WALLAYS Jelle;v1
7;108;DILLIER Silvan;v1
7;109;SBARAGLI Kristian;v1
7;110;FROOME Chris;v1
7;111;ZABEL Rick;v1
7;112;GREIPEL André;v1
7;113;EEKHOFF Nils;v1
7;114;PHILIPSEN Jasper;v1
7;115;VAN POPPEL Danny;v1
7;116;GOLDSTEIN Omer;v1
7;117;MATTHEWS Michael;v1
7;118;MEZGEC Luka;v1
7;119;SAGAN Peter;v1
7;120;OSS Daniel;v1
7;121;GUERREIRO Ruben;v1
7;122;TURGIS Anthony;v1
7;123;SWIFT Connor;v1
7;124;BOIVIN Guillaume;v1
7;125;SCOTSON Miles;v1
7;126;DURBRIDGE Luke;v1
7;127;WALSCHEID Max;v1
7;128;HOLLENSTEIN Reto;v1
7;129;MARTIN Tony;v1
7;130;CLARKE Simon;v1
7;131;VAN DER SANDE Tosh;v1
7;132;BARBERO Carlos;v1
7;133;GEOGHEGAN HART Tao;v1
7;134;DLAMINI Nic;v1
7;135;QUINTANA Nairo;v1
7;136;MERLIER Tim;v1
7;137;NAESEN Oliver;v1
7;138;JUUL-JENSEN Christopher;v1
7;139;THEUNS Edward;v1
7;140;ZIMMERMANN Georg;v1
7;141;DE BUYST Jasper;v1
7;142;COQUARD Bryan;v1
7;143;CHEVALIER Maxime;v1
7;144;GAUTIER Cyril;v1
7;145;GOGL Michael;v1
7;146;PÖSTLBERGER Lukas;v1
7;147;SCHELLING Ide;v1
7;148;BENNETT Sean;v1
7;149;KOCH Jonas;v1
7;150;COSTA Rui;v1
7;151;VAKOČ Petr;v1
7;152;BALLERINI Davide;v1
7;153;CAVENDISH Mark;v1
7;154;MCLAY Daniel;v1
7;155;NIEUWENHUIS Joris;v1
7;156;BJERG Mikkel;v1
7;157;PEDERSEN Mads;v1
7;158;RUTSCH Jonas;v1
7;159;MCNULTY Brandon;v1
7;160;GUARNIERI Jacopo;v1
7;161;FORMOLO Davide;v1
7;162;BOUHANNI Nacer;v1
7;163;SIMON Julien;v1
7;164;RUSSO Clément;v1
7;165;DÉMARE Arnaud;v1
7;166;BENOOT Tiesj;v1
7;167;PEDERSEN Casper;v1
7;168;DOUBEY Fabien;v1
7;169;LAENGEN Vegard Stake;v1
7;170;ROWE Luke;v1
7;171;WRIGHT Fred;v1
7;172;MØRKØV Michael;v1
7;173;HIRSCHI Marc;v1
7;174;BISSEGGER Stefan;v1
7;175;BOL Cees;v1
7;176;CABOT Jérémy;v1
7;177;KLUGE Roger;v1
8;1;TEUNS Dylan;b1
8;2;IZAGIRRE Ion;b1
8;3;WOODS Michael;b1
8;4;POGAČAR Tadej;b1
8;5;POELS Wout;b1
8;6;YATES Simon;b1
8;7;PARET-PEINTRE Aurélien;b1
8;8;MARTIN Guillaume;b1
8;9;CATTANEO Mattia;b1
8;10;VINGEGAARD Jonas;b1
8;11;LUTSENKO Alexey;b1
8;12;MAS Enric;b1
8;13;CARAPAZ Richard;b1
8;14;URÁN Rigoberto;b1
8;15;GAUDU David;b1
8;16;BILBAO Pello;b1
8;17;KELDERMAN Wilco;b1
8;18;O'CONNOR Ben;b1
8;19;HENAO Sergio;b1
8;20;FORMOLO Davide;b1
8;21;VAN AERT Wout;b1
8;22;QUINTANA Nairo;b1
8;23;CASTROVIEJO Jonathan;b1
8;24;CHAVES Esteban;b1
8;25;MOLLEMA Bauke;b1
8;26;MEINTJES Louis;b1
8;27;ARMIRAIL Bruno;b1
8;28;PETERS Nans;b1
8;29;FUGLSANG Jakob;b1
8;30;FRAILE Omar;b1
8;31;ELISSONDE Kenny;b1
8;32;KRAGH ANDERSEN Søren;b1
8;33;BENOOT Tiesj;b1
8;34;KRUIJSWIJK Steven;b1
8;35;GEOGHEGAN HART Tao;b1
8;36;BONNAMOUR Franck;b1
8;37;ALAPHILIPPE Julian;b1
8;38;GUERREIRO Ruben;b1
8;39;PORTE Richie;b1
8;40;PACHER Quentin;b1
8;41;NIBALI Vincenzo;b1
8;42;LÓPEZ Miguel Ángel;b1
8;43;KUSS Sepp;b1
8;44;VAN DER POEL Mathieu;b1
8;45;SCHELLING Ide;b1
8;46;DONOVAN Mark;b1
8;47;DE LA PARTE Víctor;b1
8;48;GESCHKE Simon;b1
8;49;ASGREEN Kasper;b1
8;50;DOUBEY Fabien;b1
8;51;MCNULTY Brandon;b1
8;52;DE GENDT Thomas;b1
8;53;BALLERINI Davide;b1
8;54;MEURISSE Xandro;b1
8;55;POLITT Nils;b1
8;56;MARTIN Dan;b1
8;57;BUCHMANN Emanuel;b1
8;58;RODRÍGUEZ Cristián;b1
8;59;ZIMMERMANN Georg;b1
8;60;GESBERT Élie;b1
8;61;SWIFT Connor;b1
8;62;KÜNG Stefan;b1
8;63;HOULE Hugo;b1
8;64;VALGREN Michael;b1
8;65;WRIGHT Fred;b1
8;66;CHEVALIER Maxime;b1
8;67;COLBRELLI Sonny;b1
8;68;HAMILTON Lucas;b1
8;69;MOHORIČ Matej;b1
8;70;JUUL-JENSEN Christopher;b1
8;71;PEREZ Anthony;b1
8;72;KONRAD Patrick;b1
8;73;PÉRICHON Pierre-Luc;b1
8;74;BERNARD Julien;b1
8;75;HERRADA Jesús;b1
8;76;VAN BAARLE Dylan;b1
8;77;TURGIS Anthony;b1
8;78;LATOUR Pierre;b1
8;79;ARANBURU Alex;b1
8;80;DE BOD Stefan;b1
8;81;FERNÁNDEZ Rubén;b1
8;82;DURBRIDGE Luke;b1
8;83;MATTHEWS Michael;b1
8;84;OSS Daniel;b1
8;85;DEVENYNS Dries;b1
8;86;COSTA Rui;b1
8;87;KWIATKOWSKI Michał;b1
8;88;HIGUITA Sergio;b1
8;89;BOIVIN Guillaume;b1
8;90;ROWE Luke;b1
8;91;VALVERDE Alejandro;b1
8;92;GARCÍA CORTINA Iván;b1
8;93;BAKELANTS Jan;b1
8;94;BARBERO Carlos;b1
8;95;BARTHE Cyril;b1
8;96;SWEENY Harry;b1
8;97;ERVITI Imanol;b1
8;98;BARGUIL Warren;b1
8;99;ROLLAND Pierre;b1
8;100;SBARAGLI Kristian;b1
8;101;VERONA Carlos;b1
8;102;GILBERT Philippe;b1
8;103;NAESEN Oliver;b1
8;104;HIRSCHI Marc;b1
8;105;ZABEL Rick;b1
8;106;GREIPEL André;b1
8;107;LAENGEN Vegard Stake;b1
8;108;NIEUWENHUIS Joris;b1
8;109;RUTSCH Jonas;b1
8;110;PHILIPSEN Jasper;b1
8;111;VAKOČ Petr;b1
8;112;GODON Dorian;b1
8;113;GAUTIER Cyril;b1
8;114;LAPORTE Christophe;b1
8;115;DILLIER Silvan;b1
8;116;COSNEFROY Benoît;b1
8;117;TEUNISSEN Mike;b1
8;118;BISSEGGER Stefan;b1
8;119;EEKHOFF Nils;b1
8;120;CORT Magnus;b1
8;121;RICKAERT Jonas;b1
8;122;COQUARD Bryan;b1
8;123;MADOUAS Valentin;b1
8;124;SAGAN Peter;b1
8;125;VAN DER SANDE Tosh;b1
8;126;VAN MOER Brent;b1
8;127;SCOTSON Miles;b1
8;128;THEUNS Edward;b1
8;129;STUYVEN Jasper;b1
8;130;DE BUYST Jasper;b1
8;131;VAN POPPEL Danny;b1
8;132;ARCAS Jorge;b1
8;133;HOLLENSTEIN Reto;b1
8;134;WALLAYS Jelle;b1
8;135;MCLAY Daniel;b1
8;136;GRUZDEV Dmitriy;b1
8;137;MEZGEC Luka;b1
8;138;SCHÄR Michael;b1
8;139;DELAPLACE Anthony;b1
8;140;RUSSO Clément;b1
8;141;ROTA Lorenzo;b1
8;142;GUARNIERI Jacopo;b1
8;143;VAN AVERMAET Greg;b1
8;144;VLIEGEN Loïc;b1
8;145;HALLER Marco;b1
8;146;MERLIER Tim;b1
8;147;KOCH Jonas;b1
8;148;JANSEN Amund Grøndahl;b1
8;149;MARTIN Tony;b1
8;150;MØRKØV Michael;b1
8;151;CAVENDISH Mark;b1
8;152;DECLERCQ Tim;b1
8;153;BOASSON HAGEN Edvald;b1
8;154;WALSCHEID Max;b1
8;155;VAN POPPEL Boy;b1
8;156;FROOME Chris;b1
8;157;GOLDSTEIN Omer;b1
8;158;SIMON Julien;b1
8;159;DLAMINI Nic;b1
8;160;CLARKE Simon;b1
8;161;BJERG Mikkel;b1
8;162;PEDERSEN Casper;b1
8;163;BENNETT Sean;b1
8;164;PÖSTLBERGER Lukas;b1
8;165;SKUJIŅŠ Toms;b1
8;166;PEDERSEN Mads;b1
8;167;MAJKA Rafał;b1
8;168;BOL Cees;b1
8;169;KLUGE Roger;b1
8;170;GOGL Michael;b1
8;171;BOUHANNI Nacer;b1
8;172;CAMPENAERTS Victor;b1
8;173;CABOT Jérémy;b1
8;174;THOMAS Geraint;b1
8;175;ROGLIČ Primož;b1
8;176;POWLESS Neilson;b1
8;177;DÉMARE Arnaud;b1
9;1;O'CONNOR Ben;b2
9;2;CATTANEO Mattia;b2
9;3;COLBRELLI Sonny;b2
9;4;MARTIN Guillaume;b2
9;5;BONNAMOUR Franck;b2
9;6;POGAČAR Tadej;b2
9;7;CARAPAZ Richard;b2
9;8;VINGEGAARD Jonas;b2
9;9;MAS Enric;b2
9;10;URÁN Rigoberto;b2
9;11;QUINTANA Nairo;b2
9;12;GUERREIRO Ruben;b2
9;13;KELDERMAN Wilco;b2
9;14;GAUDU David;b2
9;15;LUTSENKO Alexey;b2
9;16;KONRAD Patrick;b2
9;17;BILBAO Pello;b2
9;18;VALVERDE Alejandro;b2
9;19;THOMAS Geraint;b2
9;20;COSNEFROY Benoît;b2
9;21;PARET-PEINTRE Aurélien;b2
9;22;ROLLAND Pierre;b2
9;23;MADOUAS Valentin;b2
9;24;CASTROVIEJO Jonathan;b2
9;25;STUYVEN Jasper;b2
9;26;RUTSCH Jonas;b2
9;27;IZAGIRRE Ion;b2
9;28;HIGUITA Sergio;b2
9;29;BARGUIL Warren;b2
9;30;TEUNS Dylan;b2
9;31;POLITT Nils;b2
9;32;ROTA Lorenzo;b2
9;33;MEINTJES Louis;b2
9;34;CHAVES Esteban;b2
9;35;MAJKA Rafał;b2
9;36;FORMOLO Davide;b2
9;37;COSTA Rui;b2
9;38;DE LA PARTE Víctor;b2
9;39;PEREZ Anthony;b2
9;40;ARCAS Jorge;b2
9;41;POELS Wout;b2
9;42;KÜNG Stefan;b2
9;43;VALGREN Michael;b2
9;44;MARTIN Dan;b2
9;45;WOODS Michael;b2
9;46;DOUBEY Fabien;b2
9;47;DILLIER Silvan;b2
9;48;FUGLSANG Jakob;b2
9;49;ERVITI Imanol;b2
9;50;BAKELANTS Jan;b2
9;51;NIBALI Vincenzo;b2
9;52;HOULE Hugo;b2
9;53;ELISSONDE Kenny;b2
9;54;PEDERSEN Mads;b2
9;55;BERNARD Julien;b2
9;56;BJERG Mikkel;b2
9;57;CORT Magnus;b2
9;58;VAN BAARLE Dylan;b2
9;59;DE GENDT Thomas;b2
9;60;KUSS Sepp;b2
9;61;MOLLEMA Bauke;b2
9;62;ZABEL Rick;b2
9;63;BARTHE Cyril;b2
9;64;RODRÍGUEZ Cristián;b2
9;65;GILBERT Philippe;b2
9;66;KRUIJSWIJK Steven;b2
9;67;NIEUWENHUIS Joris;b2
9;68;MEURISSE Xandro;b2
9;69;PACHER Quentin;b2
9;70;BARBERO Carlos;b2
9;71;VERONA Carlos;b2
9;72;BOIVIN Guillaume;b2
9;73;CHEVALIER Maxime;b2
9;74;FERNÁNDEZ Rubén;b2
9;75;RUSSO Clément;b2
9;76;SBARAGLI Kristian;b2
9;77;GODON Dorian;b2
9;78;SCHÄR Michael;b2
9;79;ROWE Luke;b2
9;80;CLARKE Simon;b2
9;81;WRIGHT Fred;b2
9;82;KWIATKOWSKI Michał;b2
9;83;LAPORTE Christophe;b2
9;84;LATOUR Pierre;b2
9;85;GOLDSTEIN Omer;b2
9;86;VAN AERT Wout;b2
9;87;BALLERINI Davide;b2
9;88;BISSEGGER Stefan;b2
9;89;ASGREEN Kasper;b2
9;90;RICKAERT Jonas;b2
9;91;HENAO Sergio;b2
9;92;DONOVAN Mark;b2
9;93;SWEENY Harry;b2
9;94;HAMILTON Lucas;b2
9;95;VAN POPPEL Danny;b2
9;96;GESBERT Élie;b2
9;97;BUCHMANN Emanuel;b2
9;98;VAN MOER Brent;b2
9;99;THEUNS Edward;b2
9;100;GAUTIER Cyril;b2
9;101;TEUNISSEN Mike;b2
9;102;NAESEN Oliver;b2
9;103;PÖSTLBERGER Lukas;b2
9;104;DURBRIDGE Luke;b2
9;105;PORTE Richie;b2
9;106;ARMIRAIL Bruno;b2
9;107;VAKOČ Petr;b2
9;108;SWIFT Connor;b2
9;109;MEZGEC Luka;b2
9;110;MOHORIČ Matej;b2
9;111;SAGAN Peter;b2
9;112;MARTIN Tony;b2
9;113;PHILIPSEN Jasper;b2
9;114;MATTHEWS Michael;b2
9;115;YATES Simon;b2
9;116;PÉRICHON Pierre-Luc;b2
9;117;HIRSCHI Marc;b2
9;118;GEOGHEGAN HART Tao;b2
9;119;POWLESS Neilson;b2
9;120;OSS Daniel;b2
9;121;JUUL-JENSEN Christopher;b2
9;122;GRUZDEV Dmitriy;b2
9;123;FRAILE Omar;b2
9;124;GARCÍA CORTINA Iván;b2
9;125;SCHELLING Ide;b2
9;126;GESCHKE Simon;b2
9;127;KOCH Jonas;b2
9;128;FROOME Chris;b2
9;129;BENOOT Tiesj;b2
9;130;HOLLENSTEIN Reto;b2
9;131;KRAGH ANDERSEN Søren;b2
9;132;TURGIS Anthony;b2
9;133;MCNULTY Brandon;b2
9;134;BOASSON HAGEN Edvald;b2
9;135;WALSCHEID Max;b2
9;136;HERRADA Jesús;b2
9;137;BENNETT Sean;b2
9;138;BOL Cees;b2
9;139;ARANBURU Alex;b2
9;140;VAN DER SANDE Tosh;b2
9;141;HALLER Marco;b2
9;142;GOGL Michael;b2
9;143;ZIMMERMANN Georg;b2
9;144;MCLAY Daniel;b2
9;145;LAENGEN Vegard Stake;b2
9;146;ALAPHILIPPE Julian;b2
9;147;SCOTSON Miles;b2
9;148;PEDERSEN Casper;b2
9;149;LÓPEZ Miguel Ángel;b2
9;150;EEKHOFF Nils;b2
9;151;VAN POPPEL Boy;b2
9;152;SKUJIŅŠ Toms;b2
9;153;KLUGE Roger;b2
9;154;BOUHANNI Nacer;b2
9;155;SIMON Julien;b2
9;156;CABOT Jérémy;b2
9;157;DEVENYNS Dries;b2
9;158;DECLERCQ Tim;b2
9;159;MØRKØV Michael;b2
9;160;CAVENDISH Mark;b2
9;161;GREIPEL André;b2
9;162;CAMPENAERTS Victor;b2
9;163;WALLAYS Jelle;b2
9;164;JANSEN Amund Grøndahl;b2
9;165;VAN AVERMAET Greg;b2
9;OTL;COQUARD Bryan;b2
9;OTL;DE BOD Stefan;b2
9;OTL;DÉMARE Arnaud;b2
9;OTL;VLIEGEN Loïc;b2
9;OTL;GUARNIERI Jacopo;b2
9;OTL;DELAPLACE Anthony;b2
9;OTL;DLAMINI Nic;b2
9;DNF;PETERS Nans;b2
9;DNF;MERLIER Tim;b2
9;DNF;DE BUYST Jasper;b2
9;DNS;VAN DER POEL Mathieu;b2
9;DNS;ROGLIČ Primož;b2
10;1;CAVENDISH Mark;v4
10;2;VAN AERT Wout;v4
10;3;PHILIPSEN Jasper;v4
10;4;BOUHANNI Nacer;v4
10;5;MATTHEWS Michael;v4
10;6;MØRKØV Michael;v4
10;7;GREIPEL André;v4
10;8;SAGAN Peter;v4
10;9;TURGIS Anthony;v4
10;10;BOL Cees;v4
10;11;VAN POPPEL Boy;v4
10;12;GARCÍA CORTINA Iván;v4
10;13;THEUNS Edward;v4
10;14;LAPORTE Christophe;v4
10;15;BARTHE Cyril;v4
10;16;BONNAMOUR Franck;v4
10;17;COLBRELLI Sonny;v4
10;18;WALSCHEID Max;v4
10;19;BARBERO Carlos;v4
10;20;KELDERMAN Wilco;v4
10;21;BISSEGGER Stefan;v4
10;22;VAN MOER Brent;v4
10;23;NAESEN Oliver;v4
10;24;KÜNG Stefan;v4
10;25;POGAČAR Tadej;v4
10;26;GAUDU David;v4
10;27;GUERREIRO Ruben;v4
10;28;DILLIER Silvan;v4
10;29;VINGEGAARD Jonas;v4
10;30;VAN AVERMAET Greg;v4
10;31;GILBERT Philippe;v4
10;32;SCHÄR Michael;v4
10;33;O'CONNOR Ben;v4
10;34;PARET-PEINTRE Aurélien;v4
10;35;SBARAGLI Kristian;v4
10;36;SWEENY Harry;v4
10;37;MCLAY Daniel;v4
10;38;LAENGEN Vegard Stake;v4
10;39;LUTSENKO Alexey;v4
10;40;LATOUR Pierre;v4
10;41;BALLERINI Davide;v4
10;42;VALGREN Michael;v4
10;43;CARAPAZ Richard;v4
10;44;WALLAYS Jelle;v4
10;45;BILBAO Pello;v4
10;46;CHAVES Esteban;v4
10;47;MARTIN Guillaume;v4
10;48;URÁN Rigoberto;v4
10;49;RUTSCH Jonas;v4
10;50;CORT Magnus;v4
10;51;MEINTJES Louis;v4
10;52;HIGUITA Sergio;v4
10;53;BAKELANTS Jan;v4
10;54;ERVITI Imanol;v4
10;55;MAS Enric;v4
10;56;KRUIJSWIJK Steven;v4
10;57;KONRAD Patrick;v4
10;58;FORMOLO Davide;v4
10;59;TEUNISSEN Mike;v4
10;60;POELS Wout;v4
10;61;RICKAERT Jonas;v4
10;62;CHEVALIER Maxime;v4
10;63;GODON Dorian;v4
10;64;CATTANEO Mattia;v4
10;65;TEUNS Dylan;v4
10;66;PÉRICHON Pierre-Luc;v4
10;67;DOUBEY Fabien;v4
10;68;BARGUIL Warren;v4
10;69;BOIVIN Guillaume;v4
10;70;POLITT Nils;v4
10;71;POWLESS Neilson;v4
10;72;HENAO Sergio;v4
10;73;MEURISSE Xandro;v4
10;74;HOLLENSTEIN Reto;v4
10;75;STUYVEN Jasper;v4
10;76;ZABEL Rick;v4
10;77;SWIFT Connor;v4
10;78;RUSSO Clément;v4
10;79;ASGREEN Kasper;v4
10;80;NIEUWENHUIS Joris;v4
10;81;MOHORIČ Matej;v4
10;82;OSS Daniel;v4
10;83;KWIATKOWSKI Michał;v4
10;84;VAN BAARLE Dylan;v4
10;85;MEZGEC Luka;v4
10;86;VAKOČ Petr;v4
10;87;WRIGHT Fred;v4
10;88;QUINTANA Nairo;v4
10;89;CLARKE Simon;v4
10;90;PEDERSEN Casper;v4
10;91;DURBRIDGE Luke;v4
10;92;BOASSON HAGEN Edvald;v4
10;93;ARCAS Jorge;v4
10;94;SCHELLING Ide;v4
10;95;ALAPHILIPPE Julian;v4
10;96;BJERG Mikkel;v4
10;97;DEVENYNS Dries;v4
10;98;LÓPEZ Miguel Ángel;v4
10;99;GAUTIER Cyril;v4
10;100;PACHER Quentin;v4
10;101;ZIMMERMANN Georg;v4
10;102;GOLDSTEIN Omer;v4
10;103;SKUJIŅŠ Toms;v4
10;104;BENOOT Tiesj;v4
10;105;MOLLEMA Bauke;v4
10;106;EEKHOFF Nils;v4
10;107;HIRSCHI Marc;v4
10;108;ROWE Luke;v4
10;109;DECLERCQ Tim;v4
10;110;PÖSTLBERGER Lukas;v4
10;111;HALLER Marco;v4
10;112;CASTROVIEJO Jonathan;v4
10;113;ELISSONDE Kenny;v4
10;114;GESCHKE Simon;v4
10;115;GEOGHEGAN HART Tao;v4
10;116;RODRÍGUEZ Cristián;v4
10;117;SCOTSON Miles;v4
10;118;BERNARD Julien;v4
10;119;DE GENDT Thomas;v4
10;120;VALVERDE Alejandro;v4
10;121;ARANBURU Alex;v4
10;122;MAJKA Rafał;v4
10;123;HOULE Hugo;v4
10;124;FUGLSANG Jakob;v4
10;125;HERRADA Jesús;v4
10;126;FERNÁNDEZ Rubén;v4
10;127;MCNULTY Brandon;v4
10;128;ARMIRAIL Bruno;v4
10;129;THOMAS Geraint;v4
10;130;NIBALI Vincenzo;v4
10;131;KRAGH ANDERSEN Søren;v4
10;132;PORTE Richie;v4
10;133;FROOME Chris;v4
10;134;MARTIN Dan;v4
10;135;GESBERT Élie;v4
10;136;FRAILE Omar;v4
10;137;IZAGIRRE Ion;v4
10;138;MADOUAS Valentin;v4
10;139;ROLLAND Pierre;v4
10;140;DE LA PARTE Víctor;v4
10;141;COSNEFROY Benoît;v4
10;142;COSTA Rui;v4
10;143;BUCHMANN Emanuel;v4
10;144;MARTIN Tony;v4
10;145;KUSS Sepp;v4
10;146;WOODS Michael;v4
10;147;GRUZDEV Dmitriy;v4
10;148;DONOVAN Mark;v4
10;149;CABOT Jérémy;v4
10;150;GOGL Michael;v4
10;151;ROTA Lorenzo;v4
10;152;HAMILTON Lucas;v4
10;153;YATES Simon;v4
10;154;JUUL-JENSEN Christopher;v4
10;155;PEREZ Anthony;v4
10;156;JANSEN Amund Grøndahl;v4
10;157;BENNETT Sean;v4
10;158;KLUGE Roger;v4
10;159;VERONA Carlos;v4
10;160;VAN DER SANDE Tosh;v4
10;161;PEDERSEN Mads;v4
10;162;SIMON Julien;v4
10;163;CAMPENAERTS Victor;v4
10;164;VAN POPPEL Danny;v4
10;DNS;KOCH Jonas;v4
11;1;VAN AERT Wout;b3
11;2;ELISSONDE Kenny;b3
11;3;MOLLEMA Bauke;b3
11;4;POGAČAR Tadej;b3
11;5;URÁN Rigoberto;b3
11;6;CARAPAZ Richard;b3
11;7;VINGEGAARD Jonas;b3
11;8;LUTSENKO Alexey;b3
11;9;KELDERMAN Wilco;b3
11;10;MAS Enric;b3
11;11;BILBAO Pello;b3
11;12;MARTIN Guillaume;b3
11;13;MEURISSE Xandro;b3
11;14;CHAVES Esteban;b3
11;15;O'CONNOR Ben;b3
11;16;CATTANEO Mattia;b3
11;17;VALVERDE Alejandro;b3
11;18;MAJKA Rafał;b3
11;19;MEINTJES Louis;b3
11;20;WOODS Michael;b3
11;21;KRUIJSWIJK Steven;b3
11;22;KWIATKOWSKI Michał;b3
11;23;ALAPHILIPPE Julian;b3
11;24;HIGUITA Sergio;b3
11;25;GUERREIRO Ruben;b3
11;26;PORTE Richie;b3
11;27;RODRÍGUEZ Cristián;b3
11;28;NAESEN Oliver;b3
11;29;KUSS Sepp;b3
11;30;DILLIER Silvan;b3
11;31;ROLLAND Pierre;b3
11;32;GAUTIER Cyril;b3
11;33;DONOVAN Mark;b3
11;34;RUTSCH Jonas;b3
11;35;PARET-PEINTRE Aurélien;b3
11;36;LÓPEZ Miguel Ángel;b3
11;37;FUGLSANG Jakob;b3
11;38;KONRAD Patrick;b3
11;39;POELS Wout;b3
11;40;BUCHMANN Emanuel;b3
11;41;CASTROVIEJO Jonathan;b3
11;42;BARGUIL Warren;b3
11;43;PEREZ Anthony;b3
11;44;DURBRIDGE Luke;b3
11;45;HENAO Sergio;b3
11;46;BERNARD Julien;b3
11;47;MCNULTY Brandon;b3
11;48;PACHER Quentin;b3
11;49;HERRADA Jesús;b3
11;50;GESCHKE Simon;b3
11;51;TURGIS Anthony;b3
11;52;POWLESS Neilson;b3
11;53;HOULE Hugo;b3
11;54;IZAGIRRE Ion;b3
11;55;ZIMMERMANN Georg;b3
11;56;VALGREN Michael;b3
11;57;NIBALI Vincenzo;b3
11;58;TEUNISSEN Mike;b3
11;59;TEUNS Dylan;b3
11;60;HIRSCHI Marc;b3
11;61;CORT Magnus;b3
11;62;SCHÄR Michael;b3
11;63;COSTA Rui;b3
11;64;FORMOLO Davide;b3
11;65;GEOGHEGAN HART Tao;b3
11;66;VAN AVERMAET Greg;b3
11;67;SBARAGLI Kristian;b3
11;68;PEDERSEN Casper;b3
11;69;MARTIN Dan;b3
11;70;POLITT Nils;b3
11;71;VAKOČ Petr;b3
11;72;MADOUAS Valentin;b3
11;73;GAUDU David;b3
11;74;LAENGEN Vegard Stake;b3
11;75;LATOUR Pierre;b3
11;76;PÉRICHON Pierre-Luc;b3
11;77;KÜNG Stefan;b3
11;78;BJERG Mikkel;b3
11;79;RICKAERT Jonas;b3
11;80;BARTHE Cyril;b3
11;81;ASGREEN Kasper;b3
11;82;YATES Simon;b3
11;83;HOLLENSTEIN Reto;b3
11;84;ARANBURU Alex;b3
11;85;DE LA PARTE Víctor;b3
11;86;FRAILE Omar;b3
11;87;VAN BAARLE Dylan;b3
11;88;ERVITI Imanol;b3
11;89;VERONA Carlos;b3
11;90;GESBERT Élie;b3
11;91;GRUZDEV Dmitriy;b3
11;92;ROTA Lorenzo;b3
11;93;BISSEGGER Stefan;b3
11;94;COSNEFROY Benoît;b3
11;95;BOASSON HAGEN Edvald;b3
11;96;CHEVALIER Maxime;b3
11;97;HAMILTON Lucas;b3
11;98;SWEENY Harry;b3
11;99;ARCAS Jorge;b3
11;100;FROOME Chris;b3
11;101;BOIVIN Guillaume;b3
11;102;STUYVEN Jasper;b3
11;103;THEUNS Edward;b3
11;104;MOHORIČ Matej;b3
11;105;WALLAYS Jelle;b3
11;106;FERNÁNDEZ Rubén;b3
11;107;DOUBEY Fabien;b3
11;108;BAKELANTS Jan;b3
11;109;PÖSTLBERGER Lukas;b3
11;110;GOGL Michael;b3
11;111;CLARKE Simon;b3
11;112;VAN MOER Brent;b3
11;113;GILBERT Philippe;b3
11;114;ARMIRAIL Bruno;b3
11;115;QUINTANA Nairo;b3
11;116;GODON Dorian;b3
11;117;SWIFT Connor;b3
11;118;LAPORTE Christophe;b3
11;119;DE GENDT Thomas;b3
11;120;KLUGE Roger;b3
11;121;COLBRELLI Sonny;b3
11;122;VAN POPPEL Boy;b3
11;123;ZABEL Rick;b3
11;124;VAN POPPEL Danny;b3
11;125;OSS Daniel;b3
11;126;PHILIPSEN Jasper;b3
11;127;SKUJIŅŠ Toms;b3
11;128;MEZGEC Luka;b3
11;129;JANSEN Amund Grøndahl;b3
11;130;SCHELLING Ide;b3
11;131;GREIPEL André;b3
11;132;WALSCHEID Max;b3
11;133;MATTHEWS Michael;b3
11;134;EEKHOFF Nils;b3
11;135;JUUL-JENSEN Christopher;b3
11;136;GOLDSTEIN Omer;b3
11;137;BONNAMOUR Franck;b3
11;138;THOMAS Geraint;b3
11;139;BOL Cees;b3
11;140;SAGAN Peter;b3
11;141;HALLER Marco;b3
11;142;WRIGHT Fred;b3
11;143;SIMON Julien;b3
11;144;NIEUWENHUIS Joris;b3
11;145;BENNETT Sean;b3
11;146;BALLERINI Davide;b3
11;147;CAVENDISH Mark;b3
11;148;MØRKØV Michael;b3
11;149;DECLERCQ Tim;b3
11;150;GARCÍA CORTINA Iván;b3
11;151;DEVENYNS Dries;b3
11;152;BARBERO Carlos;b3
11;153;PEDERSEN Mads;b3
11;154;CABOT Jérémy;b3
11;155;BOUHANNI Nacer;b3
11;156;KRAGH ANDERSEN Søren;b3
11;DNF;RUSSO Clément;b3
11;DNF;MCLAY Daniel;b3
11;DNF;SCOTSON Miles;b3
11;DNF;CAMPENAERTS Victor;b3
11;DNF;MARTIN Tony;b3
11;DNF;BENOOT Tiesj;b3
11;DNF;VAN DER SANDE Tosh;b3
11;OTL;ROWE Luke;b3
12;1;POLITT Nils;v5
12;2;ERVITI Imanol;v5
12;3;SWEENY Harry;v5
12;4;KÜNG Stefan;v5
12;5;MEZGEC Luka;v5
12;6;GREIPEL André;v5
12;7;THEUNS Edward;v5
12;8;VAN MOER Brent;v5
12;9;ALAPHILIPPE Julian;v5
12;10;HENAO Sergio;v5
12;11;SWIFT Connor;v5
12;12;BOASSON HAGEN Edvald;v5
12;13;BISSEGGER Stefan;v5
12;14;CAVENDISH Mark;v5
12;15;MATTHEWS Michael;v5
12;16;PHILIPSEN Jasper;v5
12;17;BARBERO Carlos;v5
12;18;RICKAERT Jonas;v5
12;19;BARTHE Cyril;v5
12;20;BALLERINI Davide;v5
12;21;POGAČAR Tadej;v5
12;22;DECLERCQ Tim;v5
12;23;TEUNISSEN Mike;v5
12;24;ASGREEN Kasper;v5
12;25;VINGEGAARD Jonas;v5
12;26;LUTSENKO Alexey;v5
12;27;OSS Daniel;v5
12;28;SCHÄR Michael;v5
12;29;CORT Magnus;v5
12;30;KELDERMAN Wilco;v5
12;31;CARAPAZ Richard;v5
12;32;PARET-PEINTRE Aurélien;v5
12;33;DILLIER Silvan;v5
12;34;GODON Dorian;v5
12;35;EEKHOFF Nils;v5
12;36;VAN BAARLE Dylan;v5
12;37;VALGREN Michael;v5
12;38;SBARAGLI Kristian;v5
12;39;MAS Enric;v5
12;40;O'CONNOR Ben;v5
12;41;URÁN Rigoberto;v5
12;42;VAN AERT Wout;v5
12;43;MCNULTY Brandon;v5
12;44;MARTIN Guillaume;v5
12;45;MOHORIČ Matej;v5
12;46;RODRÍGUEZ Cristián;v5
12;47;COSTA Rui;v5
12;48;GAUDU David;v5
12;49;CHAVES Esteban;v5
12;50;RUTSCH Jonas;v5
12;51;BONNAMOUR Franck;v5
12;52;GUERREIRO Ruben;v5
12;53;FORMOLO Davide;v5
12;54;MADOUAS Valentin;v5
12;55;COLBRELLI Sonny;v5
12;56;BOUHANNI Nacer;v5
12;57;DURBRIDGE Luke;v5
12;58;BILBAO Pello;v5
12;59;IZAGIRRE Ion;v5
12;60;FERNÁNDEZ Rubén;v5
12;61;HIRSCHI Marc;v5
12;62;WRIGHT Fred;v5
12;63;SKUJIŅŠ Toms;v5
12;64;DE LA PARTE Víctor;v5
12;65;VAN AVERMAET Greg;v5
12;66;NAESEN Oliver;v5
12;67;BAKELANTS Jan;v5
12;68;CHEVALIER Maxime;v5
12;69;KONRAD Patrick;v5
12;70;FUGLSANG Jakob;v5
12;71;POELS Wout;v5
12;72;BARGUIL Warren;v5
12;73;CLARKE Simon;v5
12;74;HOLLENSTEIN Reto;v5
12;75;POWLESS Neilson;v5
12;76;WALLAYS Jelle;v5
12;77;VAN POPPEL Danny;v5
12;78;PEDERSEN Casper;v5
12;79;KRAGH ANDERSEN Søren;v5
12;80;HALLER Marco;v5
12;81;GARCÍA CORTINA Iván;v5
12;82;NIEUWENHUIS Joris;v5
12;83;HOULE Hugo;v5
12;84;MOLLEMA Bauke;v5
12;85;HIGUITA Sergio;v5
12;86;KUSS Sepp;v5
12;87;ZIMMERMANN Georg;v5
12;88;MEINTJES Louis;v5
12;89;LAPORTE Christophe;v5
12;90;GOLDSTEIN Omer;v5
12;91;VAN POPPEL Boy;v5
12;92;TEUNS Dylan;v5
12;93;GILBERT Philippe;v5
12;94;ROTA Lorenzo;v5
12;95;PÖSTLBERGER Lukas;v5
12;96;NIBALI Vincenzo;v5
12;97;GESCHKE Simon;v5
12;98;FROOME Chris;v5
12;99;KWIATKOWSKI Michał;v5
12;100;CATTANEO Mattia;v5
12;101;MAJKA Rafał;v5
12;102;VALVERDE Alejandro;v5
12;103;CASTROVIEJO Jonathan;v5
12;104;SCHELLING Ide;v5
12;105;MEURISSE Xandro;v5
12;106;BOIVIN Guillaume;v5
12;107;LATOUR Pierre;v5
12;108;DONOVAN Mark;v5
12;109;BOL Cees;v5
12;110;WOODS Michael;v5
12;111;BUCHMANN Emanuel;v5
12;112;DE GENDT Thomas;v5
12;113;KRUIJSWIJK Steven;v5
12;114;DOUBEY Fabien;v5
12;115;BENNETT Sean;v5
12;116;BERNARD Julien;v5
12;117;ZABEL Rick;v5
12;118;TURGIS Anthony;v5
12;119;GAUTIER Cyril;v5
12;120;PÉRICHON Pierre-Luc;v5
12;121;PACHER Quentin;v5
12;122;LAENGEN Vegard Stake;v5
12;123;HERRADA Jesús;v5
12;124;MØRKØV Michael;v5
12;125;GEOGHEGAN HART Tao;v5
12;126;DEVENYNS Dries;v5
12;127;VAKOČ Petr;v5
12;128;SIMON Julien;v5
12;129;GRUZDEV Dmitriy;v5
12;130;MARTIN Dan;v5
12;131;PEREZ Anthony;v5
12;132;CABOT Jérémy;v5
12;133;ROLLAND Pierre;v5
12;134;ARMIRAIL Bruno;v5
12;135;FRAILE Omar;v5
12;136;PORTE Richie;v5
12;137;HAMILTON Lucas;v5
12;138;COSNEFROY Benoît;v5
12;139;YATES Simon;v5
12;140;ELISSONDE Kenny;v5
12;141;BJERG Mikkel;v5
12;142;JANSEN Amund Grøndahl;v5
12;143;ARANBURU Alex;v5
12;144;ARCAS Jorge;v5
12;145;LÓPEZ Miguel Ángel;v5
12;146;JUUL-JENSEN Christopher;v5
12;147;STUYVEN Jasper;v5
12;148;PEDERSEN Mads;v5
12;149;THOMAS Geraint;v5
12;150;WALSCHEID Max;v5
12;151;GESBERT Élie;v5
12;152;QUINTANA Nairo;v5
12;153;KLUGE Roger;v5
12;154;GOGL Michael;v5
12;155;VERONA Carlos;v5
12;DNS;SAGAN Peter;v5
13;1;CAVENDISH Mark;v6
13;2;MØRKØV Michael;v6
13;3;PHILIPSEN Jasper;v6
13;4;GARCÍA CORTINA Iván;v6
13;5;VAN POPPEL Danny;v6
13;6;ARANBURU Alex;v6
13;7;LAPORTE Christophe;v6
13;8;GREIPEL André;v6
13;9;CORT Magnus;v6
13;10;STUYVEN Jasper;v6
13;11;BOUHANNI Nacer;v6
13;12;MATTHEWS Michael;v6
13;13;BARTHE Cyril;v6
13;14;WALSCHEID Max;v6
13;15;VAN AERT Wout;v6
13;16;RICKAERT Jonas;v6
13;17;GILBERT Philippe;v6
13;18;BALLERINI Davide;v6
13;19;BOL Cees;v6
13;20;TURGIS Anthony;v6
13;21;VAN AVERMAET Greg;v6
13;22;URÁN Rigoberto;v6
13;23;GUERREIRO Ruben;v6
13;24;COLBRELLI Sonny;v6
13;25;KELDERMAN Wilco;v6
13;26;POGAČAR Tadej;v6
13;27;MADOUAS Valentin;v6
13;28;OSS Daniel;v6
13;29;MAS Enric;v6
13;30;PARET-PEINTRE Aurélien;v6
13;31;VINGEGAARD Jonas;v6
13;32;LUTSENKO Alexey;v6
13;33;CARAPAZ Richard;v6
13;34;GAUDU David;v6
13;35;EEKHOFF Nils;v6
13;36;O'CONNOR Ben;v6
13;37;THEUNS Edward;v6
13;38;DILLIER Silvan;v6
13;39;MARTIN Guillaume;v6
13;40;RUTSCH Jonas;v6
13;41;ZIMMERMANN Georg;v6
13;42;DOUBEY Fabien;v6
13;43;KRUIJSWIJK Steven;v6
13;44;BILBAO Pello;v6
13;45;ROTA Lorenzo;v6
13;46;MEINTJES Louis;v6
13;47;CHAVES Esteban;v6
13;48;ERVITI Imanol;v6
13;49;VALVERDE Alejandro;v6
13;50;TEUNISSEN Mike;v6
13;51;SWEENY Harry;v6
13;52;SCHÄR Michael;v6
13;53;TEUNS Dylan;v6
13;54;MOLLEMA Bauke;v6
13;55;KONRAD Patrick;v6
13;56;CATTANEO Mattia;v6
13;57;SIMON Julien;v6
13;58;SWIFT Connor;v6
13;59;BOIVIN Guillaume;v6
13;60;BISSEGGER Stefan;v6
13;61;GAUTIER Cyril;v6
13;62;MOHORIČ Matej;v6
13;63;ZABEL Rick;v6
13;64;BAKELANTS Jan;v6
13;65;CHEVALIER Maxime;v6
13;66;SBARAGLI Kristian;v6
13;67;MEURISSE Xandro;v6
13;68;HENAO Sergio;v6
13;69;NAESEN Oliver;v6
13;70;LÓPEZ Miguel Ángel;v6
13;71;VAN POPPEL Boy;v6
13;72;MEZGEC Luka;v6
13;73;WALLAYS Jelle;v6
13;74;GESBERT Élie;v6
13;75;HIGUITA Sergio;v6
13;76;BOASSON HAGEN Edvald;v6
13;77;ASGREEN Kasper;v6
13;78;MCNULTY Brandon;v6
13;79;LAENGEN Vegard Stake;v6
13;80;PÖSTLBERGER Lukas;v6
13;81;VAN MOER Brent;v6
13;82;WRIGHT Fred;v6
13;83;HALLER Marco;v6
13;84;FRAILE Omar;v6
13;85;POWLESS Neilson;v6
13;86;VALGREN Michael;v6
13;87;PÉRICHON Pierre-Luc;v6
13;88;FORMOLO Davide;v6
13;89;NIBALI Vincenzo;v6
13;90;SKUJIŅŠ Toms;v6
13;91;ARCAS Jorge;v6
13;92;CASTROVIEJO Jonathan;v6
13;93;BONNAMOUR Franck;v6
13;94;KWIATKOWSKI Michał;v6
13;95;GEOGHEGAN HART Tao;v6
13;96;GODON Dorian;v6
13;97;KUSS Sepp;v6
13;98;FUGLSANG Jakob;v6
13;99;COSTA Rui;v6
13;100;THOMAS Geraint;v6
13;101;CABOT Jérémy;v6
13;102;POLITT Nils;v6
13;103;GESCHKE Simon;v6
13;104;WOODS Michael;v6
13;105;GOLDSTEIN Omer;v6
13;106;QUINTANA Nairo;v6
13;107;RODRÍGUEZ Cristián;v6
13;108;PORTE Richie;v6
13;109;POELS Wout;v6
13;110;BERNARD Julien;v6
13;111;HIRSCHI Marc;v6
13;112;ROLLAND Pierre;v6
13;113;ELISSONDE Kenny;v6
13;114;PEDERSEN Mads;v6
13;115;VAN BAARLE Dylan;v6
13;116;CLARKE Simon;v6
13;117;BARGUIL Warren;v6
13;118;JUUL-JENSEN Christopher;v6
13;119;PACHER Quentin;v6
13;120;BUCHMANN Emanuel;v6
13;121;KÜNG Stefan;v6
13;122;HERRADA Jesús;v6
13;123;BJERG Mikkel;v6
13;124;LATOUR Pierre;v6
13;125;FERNÁNDEZ Rubén;v6
13;126;IZAGIRRE Ion;v6
13;127;DURBRIDGE Luke;v6
13;128;SCHELLING Ide;v6
13;129;PEDERSEN Casper;v6
13;130;DEVENYNS Dries;v6
13;131;DE GENDT Thomas;v6
13;132;FROOME Chris;v6
13;133;DONOVAN Mark;v6
13;134;HOLLENSTEIN Reto;v6
13;135;HOULE Hugo;v6
13;136;VAKOČ Petr;v6
13;137;MARTIN Dan;v6
13;138;JANSEN Amund Grøndahl;v6
13;139;BENNETT Sean;v6
13;140;BARBERO Carlos;v6
13;141;COSNEFROY Benoît;v6
13;142;PEREZ Anthony;v6
13;143;GRUZDEV Dmitriy;v6
13;144;DE LA PARTE Víctor;v6
13;145;VERONA Carlos;v6
13;146;MAJKA Rafał;v6
13;147;ARMIRAIL Bruno;v6
13;148;NIEUWENHUIS Joris;v6
13;149;ALAPHILIPPE Julian;v6
13;150;KRAGH ANDERSEN Søren;v6
13;151;DECLERCQ Tim;v6
13;DNF;YATES Simon;v6
13;DNF;HAMILTON Lucas;v6
13;DNF;KLUGE Roger;v6
13;DNS;GOGL Michael;v6
14;1;MOLLEMA Bauke;h4
14;2;KONRAD Patrick;h4
14;3;HIGUITA Sergio;h4
14;4;CATTANEO Mattia;h4
14;5;WOODS Michael;h4
14;6;FRAILE Omar;h4
14;7;GESBERT Élie;h4
14;8;PACHER Quentin;h4
14;9;MEINTJES Louis;h4
14;10;CHAVES Esteban;h4
14;11;MARTIN Guillaume;h4
14;12;MADOUAS Valentin;h4
14;13;POELS Wout;h4
14;14;ROLLAND Pierre;h4
14;15;MCNULTY Brandon;h4
14;16;COSTA Rui;h4
14;17;MAJKA Rafał;h4
14;18;POGAČAR Tadej;h4
14;19;VAN BAARLE Dylan;h4
14;20;CARAPAZ Richard;h4
14;21;PORTE Richie;h4
14;22;CASTROVIEJO Jonathan;h4
14;23;STUYVEN Jasper;h4
14;24;ELISSONDE Kenny;h4
14;25;MAS Enric;h4
14;26;GUERREIRO Ruben;h4
14;27;VALVERDE Alejandro;h4
14;28;BUCHMANN Emanuel;h4
14;29;DONOVAN Mark;h4
14;30;KELDERMAN Wilco;h4
14;31;URÁN Rigoberto;h4
14;32;TEUNS Dylan;h4
14;33;KRUIJSWIJK Steven;h4
14;34;BAKELANTS Jan;h4
14;35;KUSS Sepp;h4
14;36;GAUTIER Cyril;h4
14;37;VINGEGAARD Jonas;h4
14;38;IZAGIRRE Ion;h4
14;39;ROTA Lorenzo;h4
14;40;RODRÍGUEZ Cristián;h4
14;41;POWLESS Neilson;h4
14;42;LUTSENKO Alexey;h4
14;43;O'CONNOR Ben;h4
14;44;GAUDU David;h4
14;45;PARET-PEINTRE Aurélien;h4
14;46;NIBALI Vincenzo;h4
14;47;BILBAO Pello;h4
14;48;KWIATKOWSKI Michał;h4
14;49;HENAO Sergio;h4
14;50;FORMOLO Davide;h4
14;51;BERNARD Julien;h4
14;52;SCHÄR Michael;h4
14;53;GEOGHEGAN HART Tao;h4
14;54;ARCAS Jorge;h4
14;55;LÓPEZ Miguel Ángel;h4
14;56;HOULE Hugo;h4
14;57;MARTIN Dan;h4
14;58;ZIMMERMANN Georg;h4
14;59;POLITT Nils;h4
14;60;JUUL-JENSEN Christopher;h4
14;61;FUGLSANG Jakob;h4
14;62;ASGREEN Kasper;h4
14;63;HERRADA Jesús;h4
14;64;VALGREN Michael;h4
14;65;QUINTANA Nairo;h4
14;66;FERNÁNDEZ Rubén;h4
14;67;COLBRELLI Sonny;h4
14;68;GRUZDEV Dmitriy;h4
14;69;VERONA Carlos;h4
14;70;KÜNG Stefan;h4
14;71;ALAPHILIPPE Julian;h4
14;72;VAN AERT Wout;h4
14;73;BONNAMOUR Franck;h4
14;74;HIRSCHI Marc;h4
14;75;GESCHKE Simon;h4
14;76;SCHELLING Ide;h4
14;77;SKUJIŅŠ Toms;h4
14;78;THOMAS Geraint;h4
14;79;RUTSCH Jonas;h4
14;80;CORT Magnus;h4
14;81;MATTHEWS Michael;h4
14;82;MEZGEC Luka;h4
14;83;DURBRIDGE Luke;h4
14;84;BJERG Mikkel;h4
14;85;DE GENDT Thomas;h4
14;86;SBARAGLI Kristian;h4
14;87;GREIPEL André;h4
14;88;CHEVALIER Maxime;h4
14;89;TEUNISSEN Mike;h4
14;90;ZABEL Rick;h4
14;91;CLARKE Simon;h4
14;92;GODON Dorian;h4
14;93;OSS Daniel;h4
14;94;FROOME Chris;h4
14;95;LAPORTE Christophe;h4
14;96;DILLIER Silvan;h4
14;97;GOLDSTEIN Omer;h4
14;98;SWIFT Connor;h4
14;99;BARTHE Cyril;h4
14;100;PHILIPSEN Jasper;h4
14;101;WRIGHT Fred;h4
14;102;MEURISSE Xandro;h4
14;103;VAN AVERMAET Greg;h4
14;104;ARANBURU Alex;h4
14;105;GILBERT Philippe;h4
14;106;VAN POPPEL Danny;h4
14;107;PÉRICHON Pierre-Luc;h4
14;108;VAN MOER Brent;h4
14;109;LATOUR Pierre;h4
14;110;SWEENY Harry;h4
14;111;MOHORIČ Matej;h4
14;112;GARCÍA CORTINA Iván;h4
14;113;DOUBEY Fabien;h4
14;114;PÖSTLBERGER Lukas;h4
14;115;HALLER Marco;h4
14;116;WALLAYS Jelle;h4
14;117;NAESEN Oliver;h4
14;118;ERVITI Imanol;h4
14;119;BOIVIN Guillaume;h4
14;120;VAN POPPEL Boy;h4
14;121;LAENGEN Vegard Stake;h4
14;122;VAKOČ Petr;h4
14;123;BENNETT Sean;h4
14;124;ARMIRAIL Bruno;h4
14;125;COSNEFROY Benoît;h4
14;126;PEREZ Anthony;h4
14;127;CABOT Jérémy;h4
14;128;BALLERINI Davide;h4
14;129;PEDERSEN Casper;h4
14;130;EEKHOFF Nils;h4
14;131;HOLLENSTEIN Reto;h4
14;132;BOASSON HAGEN Edvald;h4
14;133;MØRKØV Michael;h4
14;134;TURGIS Anthony;h4
14;135;DEVENYNS Dries;h4
14;136;SIMON Julien;h4
14;137;DECLERCQ Tim;h4
14;138;THEUNS Edward;h4
14;139;WALSCHEID Max;h4
14;140;NIEUWENHUIS Joris;h4
14;141;DE LA PARTE Víctor;h4
14;142;BISSEGGER Stefan;h4
14;143;BARBERO Carlos;h4
14;144;CAVENDISH Mark;h4
14;145;PEDERSEN Mads;h4
14;146;RICKAERT Jonas;h4
14;147;BOUHANNI Nacer;h4
14;148;JANSEN Amund Grøndahl;h4
14;149;BOL Cees;h4
14;DNS;BARGUIL Warren;h4
14;DNS;KRAGH ANDERSEN Søren;h4
15;1;KUSS Sepp;b4
15;2;VALVERDE Alejandro;b4
15;3;POELS Wout;b4
15;4;IZAGIRRE Ion;b4
15;5;GUERREIRO Ruben;b4
15;6;QUINTANA Nairo;b4
15;7;GAUDU David;b4
15;8;MARTIN Dan;b4
15;9;BONNAMOUR Franck;b4
15;10;PARET-PEINTRE Aurélien;b4
15;11;NIBALI Vincenzo;b4
15;12;ALAPHILIPPE Julian;b4
15;13;POWLESS Neilson;b4
15;14;DONOVAN Mark;b4
15;15;TEUNS Dylan;b4
15;16;ELISSONDE Kenny;b4
15;17;BERNARD Julien;b4
15;18;HENAO Sergio;b4
15;19;VAN AERT Wout;b4
15;20;MAS Enric;b4
15;21;VINGEGAARD Jonas;b4
15;22;POGAČAR Tadej;b4
15;23;CARAPAZ Richard;b4
15;24;URÁN Rigoberto;b4
15;25;KELDERMAN Wilco;b4
15;26;O'CONNOR Ben;b4
15;27;LUTSENKO Alexey;b4
15;28;BILBAO Pello;b4
15;29;MOHORIČ Matej;b4
15;30;WOODS Michael;b4
15;31;MEINTJES Louis;b4
15;32;CHAVES Esteban;b4
15;33;MARTIN Guillaume;b4
15;34;MADOUAS Valentin;b4
15;35;KRUIJSWIJK Steven;b4
15;36;CASTROVIEJO Jonathan;b4
15;37;CATTANEO Mattia;b4
15;38;THOMAS Geraint;b4
15;39;BALLERINI Davide;b4
15;40;DE GENDT Thomas;b4
15;41;HIGUITA Sergio;b4
15;42;BUCHMANN Emanuel;b4
15;43;SCHÄR Michael;b4
15;44;STUYVEN Jasper;b4
15;45;KONRAD Patrick;b4
15;46;LATOUR Pierre;b4
15;47;MEURISSE Xandro;b4
15;48;BAKELANTS Jan;b4
15;49;RODRÍGUEZ Cristián;b4
15;50;VAN BAARLE Dylan;b4
15;51;LÓPEZ Miguel Ángel;b4
15;52;GESCHKE Simon;b4
15;53;FERNÁNDEZ Rubén;b4
15;54;MATTHEWS Michael;b4
15;55;FUGLSANG Jakob;b4
15;56;PORTE Richie;b4
15;57;PACHER Quentin;b4
15;58;ARANBURU Alex;b4
15;59;RUTSCH Jonas;b4
15;60;COSTA Rui;b4
15;61;CORT Magnus;b4
15;62;MOLLEMA Bauke;b4
15;63;GEOGHEGAN HART Tao;b4
15;64;TEUNISSEN Mike;b4
15;65;BENNETT Sean;b4
15;66;HERRADA Jesús;b4
15;67;PÖSTLBERGER Lukas;b4
15;68;DILLIER Silvan;b4
15;69;KÜNG Stefan;b4
15;70;WRIGHT Fred;b4
15;71;BARTHE Cyril;b4
15;72;FROOME Chris;b4
15;73;HALLER Marco;b4
15;74;ARCAS Jorge;b4
15;75;DURBRIDGE Luke;b4
15;76;ERVITI Imanol;b4
15;77;JUUL-JENSEN Christopher;b4
15;78;VAN MOER Brent;b4
15;79;PHILIPSEN Jasper;b4
15;80;SWEENY Harry;b4
15;81;ROTA Lorenzo;b4
15;82;GODON Dorian;b4
15;83;DOUBEY Fabien;b4
15;84;VALGREN Michael;b4
15;85;HOULE Hugo;b4
15;86;GESBERT Élie;b4
15;87;ASGREEN Kasper;b4
15;88;KWIATKOWSKI Michał;b4
15;89;BARBERO Carlos;b4
15;90;FORMOLO Davide;b4
15;91;HIRSCHI Marc;b4
15;92;PÉRICHON Pierre-Luc;b4
15;93;ROLLAND Pierre;b4
15;94;GOLDSTEIN Omer;b4
15;95;MAJKA Rafał;b4
15;96;VERONA Carlos;b4
15;97;MCNULTY Brandon;b4
15;98;CABOT Jérémy;b4
15;99;FRAILE Omar;b4
15;100;RICKAERT Jonas;b4
15;101;GARCÍA CORTINA Iván;b4
15;102;ZIMMERMANN Georg;b4
15;103;NAESEN Oliver;b4
15;104;LAPORTE Christophe;b4
15;105;OSS Daniel;b4
15;106;SCHELLING Ide;b4
15;107;ARMIRAIL Bruno;b4
15;108;TURGIS Anthony;b4
15;109;POLITT Nils;b4
15;110;CHEVALIER Maxime;b4
15;111;BJERG Mikkel;b4
15;112;PEDERSEN Mads;b4
15;113;PEDERSEN Casper;b4
15;114;SKUJIŅŠ Toms;b4
15;115;VAN POPPEL Danny;b4
15;116;GAUTIER Cyril;b4
15;117;SWIFT Connor;b4
15;118;MEZGEC Luka;b4
15;119;COLBRELLI Sonny;b4
15;120;PEREZ Anthony;b4
15;121;GRUZDEV Dmitriy;b4
15;122;BOIVIN Guillaume;b4
15;123;GREIPEL André;b4
15;124;CLARKE Simon;b4
15;125;HOLLENSTEIN Reto;b4
15;126;ZABEL Rick;b4
15;127;SIMON Julien;b4
15;128;SBARAGLI Kristian;b4
15;129;GILBERT Philippe;b4
15;130;VAN POPPEL Boy;b4
15;131;VAN AVERMAET Greg;b4
15;132;THEUNS Edward;b4
15;133;DE LA PARTE Víctor;b4
15;134;VAKOČ Petr;b4
15;135;NIEUWENHUIS Joris;b4
15;136;EEKHOFF Nils;b4
15;137;BOL Cees;b4
15;138;BISSEGGER Stefan;b4
15;139;WALLAYS Jelle;b4
15;140;WALSCHEID Max;b4
15;141;LAENGEN Vegard Stake;b4
15;142;JANSEN Amund Grøndahl;b4
15;143;COSNEFROY Benoît;b4
15;144;MØRKØV Michael;b4
15;145;DECLERCQ Tim;b4
15;146;DEVENYNS Dries;b4
15;147;CAVENDISH Mark;b4
15;DNF;BOUHANNI Nacer;b4
15;OTL;BOASSON HAGEN Edvald;b4
16;1;KONRAD Patrick;h7
16;2;COLBRELLI Sonny;h7
16;3;MATTHEWS Michael;h7
16;4;PÉRICHON Pierre-Luc;h7
16;5;BONNAMOUR Franck;h7
16;6;ARANBURU Alex;h7
16;7;SKUJIŅŠ Toms;h7
16;8;BAKELANTS Jan;h7
16;9;GAUDU David;h7
16;10;ROTA Lorenzo;h7
16;11;DOUBEY Fabien;h7
16;12;WRIGHT Fred;h7
16;13;CARAPAZ Richard;h7
16;14;POGAČAR Tadej;h7
16;15;LUTSENKO Alexey;h7
16;16;VINGEGAARD Jonas;h7
16;17;URÁN Rigoberto;h7
16;18;KELDERMAN Wilco;h7
16;19;O'CONNOR Ben;h7
16;20;CATTANEO Mattia;h7
16;21;MAS Enric;h7
16;22;BILBAO Pello;h7
16;23;MARTIN Guillaume;h7
16;24;FORMOLO Davide;h7
16;25;VAN AERT Wout;h7
16;26;GODON Dorian;h7
16;27;SCHÄR Michael;h7
16;28;THEUNS Edward;h7
16;29;CORT Magnus;h7
16;30;TEUNS Dylan;h7
16;31;MEINTJES Louis;h7
16;32;BARTHE Cyril;h7
16;33;PARET-PEINTRE Aurélien;h7
16;34;BERNARD Julien;h7
16;35;POWLESS Neilson;h7
16;36;PACHER Quentin;h7
16;37;DILLIER Silvan;h7
16;38;GUERREIRO Ruben;h7
16;39;RUTSCH Jonas;h7
16;40;TEUNISSEN Mike;h7
16;41;MEURISSE Xandro;h7
16;42;MOLLEMA Bauke;h7
16;43;CHAVES Esteban;h7
16;44;HENAO Sergio;h7
16;45;VALVERDE Alejandro;h7
16;46;BARBERO Carlos;h7
16;47;VAN AVERMAET Greg;h7
16;48;ELISSONDE Kenny;h7
16;49;FERNÁNDEZ Rubén;h7
16;50;ZIMMERMANN Georg;h7
16;51;BUCHMANN Emanuel;h7
16;52;CASTROVIEJO Jonathan;h7
16;53;LÓPEZ Miguel Ángel;h7
16;54;HIRSCHI Marc;h7
16;55;VALGREN Michael;h7
16;56;GEOGHEGAN HART Tao;h7
16;57;GESCHKE Simon;h7
16;58;VAN BAARLE Dylan;h7
16;59;NAESEN Oliver;h7
16;60;HOULE Hugo;h7
16;61;MOHORIČ Matej;h7
16;62;MCNULTY Brandon;h7
16;63;POLITT Nils;h7
16;64;IZAGIRRE Ion;h7
16;65;KUSS Sepp;h7
16;66;PEREZ Anthony;h7
16;67;MAJKA Rafał;h7
16;68;COSTA Rui;h7
16;69;DE GENDT Thomas;h7
16;70;FUGLSANG Jakob;h7
16;71;GARCÍA CORTINA Iván;h7
16;72;PORTE Richie;h7
16;73;GILBERT Philippe;h7
16;74;OSS Daniel;h7
16;75;SIMON Julien;h7
16;76;FRAILE Omar;h7
16;77;VAN MOER Brent;h7
16;78;PHILIPSEN Jasper;h7
16;79;QUINTANA Nairo;h7
16;80;VAKOČ Petr;h7
16;81;ASGREEN Kasper;h7
16;82;ERVITI Imanol;h7
16;83;SBARAGLI Kristian;h7
16;84;ARCAS Jorge;h7
16;85;RODRÍGUEZ Cristián;h7
16;86;DE LA PARTE Víctor;h7
16;87;NIEUWENHUIS Joris;h7
16;88;HERRADA Jesús;h7
16;89;VERONA Carlos;h7
16;90;COSNEFROY Benoît;h7
16;91;CHEVALIER Maxime;h7
16;92;HIGUITA Sergio;h7
16;93;LATOUR Pierre;h7
16;94;RICKAERT Jonas;h7
16;95;MADOUAS Valentin;h7
16;96;MEZGEC Luka;h7
16;97;BISSEGGER Stefan;h7
16;98;POELS Wout;h7
16;99;HALLER Marco;h7
16;100;DONOVAN Mark;h7
16;101;THOMAS Geraint;h7
16;102;MARTIN Dan;h7
16;103;ROLLAND Pierre;h7
16;104;VAN POPPEL Danny;h7
16;105;KÜNG Stefan;h7
16;106;GOLDSTEIN Omer;h7
16;107;GAUTIER Cyril;h7
16;108;GESBERT Élie;h7
16;109;SCHELLING Ide;h7
16;110;BJERG Mikkel;h7
16;111;SWEENY Harry;h7
16;112;KRUIJSWIJK Steven;h7
16;113;DURBRIDGE Luke;h7
16;114;LAENGEN Vegard Stake;h7
16;115;ALAPHILIPPE Julian;h7
16;116;STUYVEN Jasper;h7
16;117;PEDERSEN Mads;h7
16;118;KWIATKOWSKI Michał;h7
16;119;LAPORTE Christophe;h7
16;120;PÖSTLBERGER Lukas;h7
16;121;PEDERSEN Casper;h7
16;122;ARMIRAIL Bruno;h7
16;123;TURGIS Anthony;h7
16;124;GRUZDEV Dmitriy;h7
16;125;CABOT Jérémy;h7
16;126;SWIFT Connor;h7
16;127;WOODS Michael;h7
16;128;JUUL-JENSEN Christopher;h7
16;129;HOLLENSTEIN Reto;h7
16;130;BOIVIN Guillaume;h7
16;131;FROOME Chris;h7
16;132;WALSCHEID Max;h7
16;133;GREIPEL André;h7
16;134;ZABEL Rick;h7
16;135;CAVENDISH Mark;h7
16;136;CLARKE Simon;h7
16;137;BENNETT Sean;h7
16;138;BALLERINI Davide;h7
16;139;DECLERCQ Tim;h7
16;140;MØRKØV Michael;h7
16;141;WALLAYS Jelle;h7
16;142;VAN POPPEL Boy;h7
16;143;DEVENYNS Dries;h7
16;144;BOL Cees;h7
16;145;EEKHOFF Nils;h7
16;DNS;JANSEN Amund Grøndahl;h7
16;DNS;NIBALI Vincenzo;h7
17;1;POGAČAR Tadej;b5
17;2;VINGEGAARD Jonas;b5
17;3;CARAPAZ Richard;b5
17;4;GAUDU David;b5
17;5;O'CONNOR Ben;b5
17;6;KELDERMAN Wilco;b5
17;7;BILBAO Pello;b5
17;8;HIGUITA Sergio;b5
17;9;URÁN Rigoberto;b5
17;10;TEUNS Dylan;b5
17;11;MAS Enric;b5
17;12;LUTSENKO Alexey;b5
17;13;MARTIN Guillaume;b5
17;14;MEINTJES Louis;b5
17;15;GUERREIRO Ruben;b5
17;16;CHAVES Esteban;b5
17;17;CATTANEO Mattia;b5
17;18;POELS Wout;b5
17;19;CASTROVIEJO Jonathan;b5
17;20;MOLLEMA Bauke;b5
17;21;MEURISSE Xandro;b5
17;22;KUSS Sepp;b5
17;23;PACHER Quentin;b5
17;24;PARET-PEINTRE Aurélien;b5
17;25;MAJKA Rafał;b5
17;26;GODON Dorian;b5
17;27;LÓPEZ Miguel Ángel;b5
17;28;HENAO Sergio;b5
17;29;VALVERDE Alejandro;b5
17;30;THOMAS Geraint;b5
17;31;BUCHMANN Emanuel;b5
17;32;QUINTANA Nairo;b5
17;33;PORTE Richie;b5
17;34;WOODS Michael;b5
17;35;TURGIS Anthony;b5
17;36;PEREZ Anthony;b5
17;37;DE LA PARTE Víctor;b5
17;38;LATOUR Pierre;b5
17;39;ALAPHILIPPE Julian;b5
17;40;VAN AERT Wout;b5
17;41;GESCHKE Simon;b5
17;42;VAN BAARLE Dylan;b5
17;43;FRAILE Omar;b5
17;44;IZAGIRRE Ion;b5
17;45;FUGLSANG Jakob;b5
17;46;BONNAMOUR Franck;b5
17;47;ARMIRAIL Bruno;b5
17;48;GEOGHEGAN HART Tao;b5
17;49;DONOVAN Mark;b5
17;50;MOHORIČ Matej;b5
17;51;FORMOLO Davide;b5
17;52;KÜNG Stefan;b5
17;53;DE GENDT Thomas;b5
17;54;SCHÄR Michael;b5
17;55;HIRSCHI Marc;b5
17;56;ZIMMERMANN Georg;b5
17;57;MARTIN Dan;b5
17;58;MCNULTY Brandon;b5
17;59;HERRADA Jesús;b5
17;60;VERONA Carlos;b5
17;61;POLITT Nils;b5
17;62;CHEVALIER Maxime;b5
17;63;RODRÍGUEZ Cristián;b5
17;64;FERNÁNDEZ Rubén;b5
17;65;CORT Magnus;b5
17;66;DILLIER Silvan;b5
17;67;RICKAERT Jonas;b5
17;68;STUYVEN Jasper;b5
17;69;SKUJIŅŠ Toms;b5
17;70;ELISSONDE Kenny;b5
17;71;ARCAS Jorge;b5
17;72;ERVITI Imanol;b5
17;73;ROTA Lorenzo;b5
17;74;BOIVIN Guillaume;b5
17;75;MATTHEWS Michael;b5
17;76;RUTSCH Jonas;b5
17;77;OSS Daniel;b5
17;78;SBARAGLI Kristian;b5
17;79;BARTHE Cyril;b5
17;80;HOULE Hugo;b5
17;81;VALGREN Michael;b5
17;82;MADOUAS Valentin;b5
17;83;LAPORTE Christophe;b5
17;84;VAN POPPEL Danny;b5
17;85;GESBERT Élie;b5
17;86;TEUNISSEN Mike;b5
17;87;BAKELANTS Jan;b5
17;88;NAESEN Oliver;b5
17;89;NIEUWENHUIS Joris;b5
17;90;KONRAD Patrick;b5
17;91;GOLDSTEIN Omer;b5
17;92;GAUTIER Cyril;b5
17;93;SWEENY Harry;b5
17;94;BERNARD Julien;b5
17;95;WRIGHT Fred;b5
17;96;POWLESS Neilson;b5
17;97;ASGREEN Kasper;b5
17;98;DOUBEY Fabien;b5
17;99;BJERG Mikkel;b5
17;100;ROLLAND Pierre;b5
17;101;DURBRIDGE Luke;b5
17;102;LAENGEN Vegard Stake;b5
17;103;PÉRICHON Pierre-Luc;b5
17;104;PÖSTLBERGER Lukas;b5
17;105;COSTA Rui;b5
17;106;CABOT Jérémy;b5
17;107;SIMON Julien;b5
17;108;COLBRELLI Sonny;b5
17;109;SCHELLING Ide;b5
17;110;ARANBURU Alex;b5
17;111;VAN MOER Brent;b5
17;112;JUUL-JENSEN Christopher;b5
17;113;GARCÍA CORTINA Iván;b5
17;114;PEDERSEN Casper;b5
17;115;PHILIPSEN Jasper;b5
17;116;VAKOČ Petr;b5
17;117;EEKHOFF Nils;b5
17;118;BENNETT Sean;b5
17;119;HALLER Marco;b5
17;120;GILBERT Philippe;b5
17;121;ZABEL Rick;b5
17;122;BISSEGGER Stefan;b5
17;123;GREIPEL André;b5
17;124;BARBERO Carlos;b5
17;125;SWIFT Connor;b5
17;126;PEDERSEN Mads;b5
17;127;THEUNS Edward;b5
17;128;HOLLENSTEIN Reto;b5
17;129;FROOME Chris;b5
17;130;GRUZDEV Dmitriy;b5
17;131;WALLAYS Jelle;b5
17;132;COSNEFROY Benoît;b5
17;133;DEVENYNS Dries;b5
17;134;DECLERCQ Tim;b5
17;135;BALLERINI Davide;b5
17;136;MØRKØV Michael;b5
17;137;VAN AVERMAET Greg;b5
17;138;KWIATKOWSKI Michał;b5
17;139;VAN POPPEL Boy;b5
17;140;CAVENDISH Mark;b5
17;141;CLARKE Simon;b5
17;142;WALSCHEID Max;b5
17;143;MEZGEC Luka;b5
17;144;BOL Cees;b5
17;DNF;KRUIJSWIJK Steven;b5
18;1;POGAČAR Tadej;b6
18;2;VINGEGAARD Jonas;b6
18;3;CARAPAZ Richard;b6
18;4;MAS Enric;b6
18;5;MARTIN Dan;b6
18;6;KUSS Sepp;b6
18;7;HIGUITA Sergio;b6
18;8;O'CONNOR Ben;b6
18;9;KELDERMAN Wilco;b6
18;10;VALVERDE Alejandro;b6
18;11;BILBAO Pello;b6
18;12;MARTIN Guillaume;b6
18;13;LUTSENKO Alexey;b6
18;14;BUCHMANN Emanuel;b6
18;15;MEINTJES Louis;b6
18;16;MAJKA Rafał;b6
18;17;CASTROVIEJO Jonathan;b6
18;18;POELS Wout;b6
18;19;GAUDU David;b6
18;20;MEURISSE Xandro;b6
18;21;CHAVES Esteban;b6
18;22;GUERREIRO Ruben;b6
18;23;TEUNS Dylan;b6
18;24;CATTANEO Mattia;b6
18;25;BONNAMOUR Franck;b6
18;26;RODRÍGUEZ Cristián;b6
18;27;MOLLEMA Bauke;b6
18;28;HIRSCHI Marc;b6
18;29;GEOGHEGAN HART Tao;b6
18;30;PARET-PEINTRE Aurélien;b6
18;31;QUINTANA Nairo;b6
18;32;SCHÄR Michael;b6
18;33;DE LA PARTE Víctor;b6
18;34;KONRAD Patrick;b6
18;35;MOHORIČ Matej;b6
18;36;VAN AERT Wout;b6
18;37;PACHER Quentin;b6
18;38;MCNULTY Brandon;b6
18;39;HENAO Sergio;b6
18;40;LÓPEZ Miguel Ángel;b6
18;41;WOODS Michael;b6
18;42;CORT Magnus;b6
18;43;URÁN Rigoberto;b6
18;44;POWLESS Neilson;b6
18;45;NAESEN Oliver;b6
18;46;LATOUR Pierre;b6
18;47;MADOUAS Valentin;b6
18;48;IZAGIRRE Ion;b6
18;49;DILLIER Silvan;b6
18;50;KÜNG Stefan;b6
18;51;ARCAS Jorge;b6
18;52;ROTA Lorenzo;b6
18;53;CHEVALIER Maxime;b6
18;54;FRAILE Omar;b6
18;55;HOULE Hugo;b6
18;56;VAN BAARLE Dylan;b6
18;57;KWIATKOWSKI Michał;b6
18;58;GESCHKE Simon;b6
18;59;THOMAS Geraint;b6
18;60;HERRADA Jesús;b6
18;61;VERONA Carlos;b6
18;62;DE GENDT Thomas;b6
18;63;COLBRELLI Sonny;b6
18;64;TEUNISSEN Mike;b6
18;65;BAKELANTS Jan;b6
18;66;BERNARD Julien;b6
18;67;FERNÁNDEZ Rubén;b6
18;68;ERVITI Imanol;b6
18;69;DOUBEY Fabien;b6
18;70;STUYVEN Jasper;b6
18;71;RUTSCH Jonas;b6
18;72;SWEENY Harry;b6
18;73;FUGLSANG Jakob;b6
18;74;VALGREN Michael;b6
18;75;SKUJIŅŠ Toms;b6
18;76;ROLLAND Pierre;b6
18;77;ELISSONDE Kenny;b6
18;78;ALAPHILIPPE Julian;b6
18;79;GRUZDEV Dmitriy;b6
18;80;SCHELLING Ide;b6
18;81;GARCÍA CORTINA Iván;b6
18;82;OSS Daniel;b6
18;83;BOIVIN Guillaume;b6
18;84;BARTHE Cyril;b6
18;85;BISSEGGER Stefan;b6
18;86;HALLER Marco;b6
18;87;FORMOLO Davide;b6
18;88;SBARAGLI Kristian;b6
18;89;GODON Dorian;b6
18;90;GOLDSTEIN Omer;b6
18;91;GAUTIER Cyril;b6
18;92;RICKAERT Jonas;b6
18;93;WRIGHT Fred;b6
18;94;BARBERO Carlos;b6
18;95;GESBERT Élie;b6
18;96;VAN MOER Brent;b6
18;97;PHILIPSEN Jasper;b6
18;98;ZIMMERMANN Georg;b6
18;99;DONOVAN Mark;b6
18;100;VAN POPPEL Danny;b6
18;101;PORTE Richie;b6
18;102;VAN POPPEL Boy;b6
18;103;SIMON Julien;b6
18;104;SWIFT Connor;b6
18;105;DURBRIDGE Luke;b6
18;106;JUUL-JENSEN Christopher;b6
18;107;LAENGEN Vegard Stake;b6
18;108;ARANBURU Alex;b6
18;109;ARMIRAIL Bruno;b6
18;110;COSTA Rui;b6
18;111;CABOT Jérémy;b6
18;112;TURGIS Anthony;b6
18;113;PEDERSEN Casper;b6
18;114;CLARKE Simon;b6
18;115;BJERG Mikkel;b6
18;116;VAKOČ Petr;b6
18;117;POLITT Nils;b6
18;118;LAPORTE Christophe;b6
18;119;MATTHEWS Michael;b6
18;120;EEKHOFF Nils;b6
18;121;VAN AVERMAET Greg;b6
18;122;PEREZ Anthony;b6
18;123;ASGREEN Kasper;b6
18;124;NIEUWENHUIS Joris;b6
18;125;GILBERT Philippe;b6
18;126;GREIPEL André;b6
18;127;ZABEL Rick;b6
18;128;HOLLENSTEIN Reto;b6
18;129;FROOME Chris;b6
18;130;COSNEFROY Benoît;b6
18;131;MEZGEC Luka;b6
18;132;PÉRICHON Pierre-Luc;b6
18;133;PEDERSEN Mads;b6
18;134;THEUNS Edward;b6
18;135;WALSCHEID Max;b6
18;136;PÖSTLBERGER Lukas;b6
18;137;WALLAYS Jelle;b6
18;138;BENNETT Sean;b6
18;139;BOL Cees;b6
18;140;MØRKØV Michael;b6
18;141;DECLERCQ Tim;b6
18;142;DEVENYNS Dries;b6
18;143;BALLERINI Davide;b6
18;144;CAVENDISH Mark;b6
19;1;MOHORIČ Matej;v7
19;2;LAPORTE Christophe;v7
19;3;PEDERSEN Casper;v7
19;4;TEUNISSEN Mike;v7
19;5;POLITT Nils;v7
19;6;THEUNS Edward;v7
19;7;VALGREN Michael;v7
19;8;ZIMMERMANN Georg;v7
19;9;TURGIS Anthony;v7
19;10;STUYVEN Jasper;v7
19;11;BERNARD Julien;v7
19;12;WALSCHEID Max;v7
19;13;BALLERINI Davide;v7
19;14;DILLIER Silvan;v7
19;15;RUTSCH Jonas;v7
19;16;GESBERT Élie;v7
19;17;VAN MOER Brent;v7
19;18;IZAGIRRE Ion;v7
19;19;BONNAMOUR Franck;v7
19;20;CLARKE Simon;v7
19;21;HIRSCHI Marc;v7
19;22;COSTA Rui;v7
19;23;MAJKA Rafał;v7
19;24;LAENGEN Vegard Stake;v7
19;25;BJERG Mikkel;v7
19;26;POGAČAR Tadej;v7
19;27;MCNULTY Brandon;v7
19;28;FORMOLO Davide;v7
19;29;ARCAS Jorge;v7
19;30;VALVERDE Alejandro;v7
19;31;GARCÍA CORTINA Iván;v7
19;32;ROTA Lorenzo;v7
19;33;COLBRELLI Sonny;v7
19;34;MAS Enric;v7
19;35;WRIGHT Fred;v7
19;36;BILBAO Pello;v7
19;37;ERVITI Imanol;v7
19;38;GRUZDEV Dmitriy;v7
19;39;VERONA Carlos;v7
19;40;KWIATKOWSKI Michał;v7
19;41;FUGLSANG Jakob;v7
19;42;PACHER Quentin;v7
19;43;VAN AERT Wout;v7
19;44;CHEVALIER Maxime;v7
19;45;LUTSENKO Alexey;v7
19;46;VINGEGAARD Jonas;v7
19;47;KUSS Sepp;v7
19;48;HOULE Hugo;v7
19;49;GILBERT Philippe;v7
19;50;CASTROVIEJO Jonathan;v7
19;51;CARAPAZ Richard;v7
19;52;THOMAS Geraint;v7
19;53;PARET-PEINTRE Aurélien;v7
19;54;DE GENDT Thomas;v7
19;55;SCHÄR Michael;v7
19;56;VAN BAARLE Dylan;v7
19;57;GAUDU David;v7
19;58;TEUNS Dylan;v7
19;59;COSNEFROY Benoît;v7
19;60;RODRÍGUEZ Cristián;v7
19;61;GEOGHEGAN HART Tao;v7
19;62;O'CONNOR Ben;v7
19;63;GODON Dorian;v7
19;64;MADOUAS Valentin;v7
19;65;BARTHE Cyril;v7
19;66;POWLESS Neilson;v7
19;67;ARMIRAIL Bruno;v7
19;68;ZABEL Rick;v7
19;69;BUCHMANN Emanuel;v7
19;70;VAN AVERMAET Greg;v7
19;71;DECLERCQ Tim;v7
19;72;HOLLENSTEIN Reto;v7
19;73;HALLER Marco;v7
19;74;SBARAGLI Kristian;v7
19;75;WALLAYS Jelle;v7
19;76;CORT Magnus;v7
19;77;PHILIPSEN Jasper;v7
19;78;MARTIN Guillaume;v7
19;79;MEINTJES Louis;v7
19;80;SWEENY Harry;v7
19;81;PORTE Richie;v7
19;82;OSS Daniel;v7
19;83;KELDERMAN Wilco;v7
19;84;BAKELANTS Jan;v7
19;85;GUERREIRO Ruben;v7
19;86;CHAVES Esteban;v7
19;87;FERNÁNDEZ Rubén;v7
19;88;KONRAD Patrick;v7
19;89;BISSEGGER Stefan;v7
19;90;PÉRICHON Pierre-Luc;v7
19;91;GAUTIER Cyril;v7
19;92;POELS Wout;v7
19;93;ROLLAND Pierre;v7
19;94;URÁN Rigoberto;v7
19;95;SIMON Julien;v7
19;96;HERRADA Jesús;v7
19;97;MOLLEMA Bauke;v7
19;98;GESCHKE Simon;v7
19;99;FRAILE Omar;v7
19;100;DE LA PARTE Víctor;v7
19;101;VAKOČ Petr;v7
19;102;LATOUR Pierre;v7
19;103;DOUBEY Fabien;v7
19;104;ALAPHILIPPE Julian;v7
19;105;CATTANEO Mattia;v7
19;106;MEURISSE Xandro;v7
19;107;NAESEN Oliver;v7
19;108;MATTHEWS Michael;v7
19;109;DEVENYNS Dries;v7
19;110;MEZGEC Luka;v7
19;111;CAVENDISH Mark;v7
19;112;VAN POPPEL Boy;v7
19;113;VAN POPPEL Danny;v7
19;114;ARANBURU Alex;v7
19;115;MØRKØV Michael;v7
19;116;KÜNG Stefan;v7
19;117;JUUL-JENSEN Christopher;v7
19;118;GREIPEL André;v7
19;119;GOLDSTEIN Omer;v7
19;120;BOL Cees;v7
19;121;SKUJIŅŠ Toms;v7
19;122;PEDERSEN Mads;v7
19;123;NIEUWENHUIS Joris;v7
19;124;BARBERO Carlos;v7
19;125;QUINTANA Nairo;v7
19;126;HIGUITA Sergio;v7
19;127;SWIFT Connor;v7
19;128;FROOME Chris;v7
19;129;BOIVIN Guillaume;v7
19;130;DURBRIDGE Luke;v7
19;131;MARTIN Dan;v7
19;132;DONOVAN Mark;v7
19;133;BENNETT Sean;v7
19;134;HENAO Sergio;v7
19;135;EEKHOFF Nils;v7
19;136;PEREZ Anthony;v7
19;137;ELISSONDE Kenny;v7
19;138;SCHELLING Ide;v7
19;139;PÖSTLBERGER Lukas;v7
19;140;CABOT Jérémy;v7
19;141;RICKAERT Jonas;v7
19;142;ASGREEN Kasper;v7
19;DNS;LÓPEZ Miguel Ángel;v7
19;DNS;WOODS Michael;v7
20;1;VAN AERT Wout;t2
20;2;ASGREEN Kasper;t2
20;3;VINGEGAARD Jonas;t2
20;4;KÜNG Stefan;t2
20;5;BISSEGGER Stefan;t2
20;6;CATTANEO Mattia;t2
20;7;BJERG Mikkel;t2
20;8;POGAČAR Tadej;t2
20;9;CORT Magnus;t2
20;10;VAN BAARLE Dylan;t2
20;11;MCNULTY Brandon;t2
20;12;ARMIRAIL Bruno;t2
20;13;CASTROVIEJO Jonathan;t2
20;14;FRAILE Omar;t2
20;15;WRIGHT Fred;t2
20;16;LUTSENKO Alexey;t2
20;17;WALSCHEID Max;t2
20;18;SWEENY Harry;t2
20;19;ALAPHILIPPE Julian;t2
20;20;PEREZ Anthony;t2
20;21;DURBRIDGE Luke;t2
20;22;DEVENYNS Dries;t2
20;23;CARAPAZ Richard;t2
20;24;POWLESS Neilson;t2
20;25;RICKAERT Jonas;t2
20;26;KELDERMAN Wilco;t2
20;27;MAS Enric;t2
20;28;MOLLEMA Bauke;t2
20;29;HOULE Hugo;t2
20;30;MEURISSE Xandro;t2
20;31;O'CONNOR Ben;t2
20;32;GUERREIRO Ruben;t2
20;33;DE GENDT Thomas;t2
20;34;SWIFT Connor;t2
20;35;LATOUR Pierre;t2
20;36;PARET-PEINTRE Aurélien;t2
20;37;STUYVEN Jasper;t2
20;38;LAPORTE Christophe;t2
20;39;TEUNS Dylan;t2
20;40;URÁN Rigoberto;t2
20;41;MEINTJES Louis;t2
20;42;BILBAO Pello;t2
20;43;PORTE Richie;t2
20;44;COSTA Rui;t2
20;45;VALGREN Michael;t2
20;46;HIGUITA Sergio;t2
20;47;THOMAS Geraint;t2
20;48;FUGLSANG Jakob;t2
20;49;GAUDU David;t2
20;50;PÉRICHON Pierre-Luc;t2
20;51;MØRKØV Michael;t2
20;52;KUSS Sepp;t2
20;53;MARTIN Guillaume;t2
20;54;EEKHOFF Nils;t2
20;55;MADOUAS Valentin;t2
20;56;LAENGEN Vegard Stake;t2
20;57;RUTSCH Jonas;t2
20;58;VAN MOER Brent;t2
20;59;OSS Daniel;t2
20;60;MAJKA Rafał;t2
20;61;GODON Dorian;t2
20;62;GOLDSTEIN Omer;t2
20;63;GILBERT Philippe;t2
20;64;CHEVALIER Maxime;t2
20;65;BARTHE Cyril;t2
20;66;CAVENDISH Mark;t2
20;67;NAESEN Oliver;t2
20;68;BAKELANTS Jan;t2
20;69;IZAGIRRE Ion;t2
20;70;BERNARD Julien;t2
20;71;ROTA Lorenzo;t2
20;72;POLITT Nils;t2
20;73;VALVERDE Alejandro;t2
20;74;GEOGHEGAN HART Tao;t2
20;75;PEDERSEN Mads;t2
20;76;SCHÄR Michael;t2
20;77;RODRÍGUEZ Cristián;t2
20;78;MATTHEWS Michael;t2
20;79;ELISSONDE Kenny;t2
20;80;PACHER Quentin;t2
20;81;ERVITI Imanol;t2
20;82;DECLERCQ Tim;t2
20;83;VAN POPPEL Boy;t2
20;84;VAN POPPEL Danny;t2
20;85;BUCHMANN Emanuel;t2
20;86;BALLERINI Davide;t2
20;87;WALLAYS Jelle;t2
20;88;SKUJIŅŠ Toms;t2
20;89;DOUBEY Fabien;t2
20;90;ZABEL Rick;t2
20;91;POELS Wout;t2
20;92;MARTIN Dan;t2
20;93;GARCÍA CORTINA Iván;t2
20;94;FORMOLO Davide;t2
20;95;CLARKE Simon;t2
20;96;DONOVAN Mark;t2
20;97;ARCAS Jorge;t2
20;98;DE LA PARTE Víctor;t2
20;99;JUUL-JENSEN Christopher;t2
20;100;PÖSTLBERGER Lukas;t2
20;101;HIRSCHI Marc;t2
20;102;SBARAGLI Kristian;t2
20;103;TURGIS Anthony;t2
20;104;HOLLENSTEIN Reto;t2
20;105;HERRADA Jesús;t2
20;106;COLBRELLI Sonny;t2
20;107;THEUNS Edward;t2
20;108;ARANBURU Alex;t2
20;109;NIEUWENHUIS Joris;t2
20;110;BONNAMOUR Franck;t2
20;111;PEDERSEN Casper;t2
20;112;VAN AVERMAET Greg;t2
20;113;GREIPEL André;t2
20;114;GAUTIER Cyril;t2
20;115;VAKOČ Petr;t2
20;116;TEUNISSEN Mike;t2
20;117;ZIMMERMANN Georg;t2
20;118;MEZGEC Luka;t2
20;119;BOL Cees;t2
20;120;SIMON Julien;t2
20;121;KONRAD Patrick;t2
20;122;GRUZDEV Dmitriy;t2
20;123;FROOME Chris;t2
20;124;BOIVIN Guillaume;t2
20;125;FERNÁNDEZ Rubén;t2
20;126;SCHELLING Ide;t2
20;127;HENAO Sergio;t2
20;128;QUINTANA Nairo;t2
20;129;BARBERO Carlos;t2
20;130;KWIATKOWSKI Michał;t2
20;131;PHILIPSEN Jasper;t2
20;132;CABOT Jérémy;t2
20;133;GESCHKE Simon;t2
20;134;HALLER Marco;t2
20;135;ROLLAND Pierre;t2
20;136;VERONA Carlos;t2
20;137;COSNEFROY Benoît;t2
20;138;DILLIER Silvan;t2
20;139;BENNETT Sean;t2
20;140;MOHORIČ Matej;t2
20;141;GESBERT Élie;t2
20;142;CHAVES Esteban;t2
21;1;VAN AERT Wout;v8
21;2;PHILIPSEN Jasper;v8
21;3;CAVENDISH Mark;v8
21;4;MEZGEC Luka;v8
21;5;GREIPEL André;v8
21;6;VAN POPPEL Danny;v8
21;7;MATTHEWS Michael;v8
21;8;ARANBURU Alex;v8
21;9;BARTHE Cyril;v8
21;10;WALSCHEID Max;v8
21;11;OSS Daniel;v8
21;12;GARCÍA CORTINA Iván;v8
21;13;COLBRELLI Sonny;v8
21;14;DILLIER Silvan;v8
21;15;CORT Magnus;v8
21;16;PÖSTLBERGER Lukas;v8
21;17;PEREZ Anthony;v8
21;18;PEDERSEN Mads;v8
21;19;SWIFT Connor;v8
21;20;ARCAS Jorge;v8
21;21;BOL Cees;v8
21;22;TEUNISSEN Mike;v8
21;23;ZABEL Rick;v8
21;24;SIMON Julien;v8
21;25;EEKHOFF Nils;v8
21;26;GESBERT Élie;v8
21;27;SCHÄR Michael;v8
21;28;SBARAGLI Kristian;v8
21;29;BOIVIN Guillaume;v8
21;30;GODON Dorian;v8
21;31;POLITT Nils;v8
21;32;O'CONNOR Ben;v8
21;33;KELDERMAN Wilco;v8
21;34;VAN BAARLE Dylan;v8
21;35;MADOUAS Valentin;v8
21;36;KUSS Sepp;v8
21;37;LAPORTE Christophe;v8
21;38;HALLER Marco;v8
21;39;STUYVEN Jasper;v8
21;40;BAKELANTS Jan;v8
21;41;RICKAERT Jonas;v8
21;42;MØRKØV Michael;v8
21;43;WRIGHT Fred;v8
21;44;LUTSENKO Alexey;v8
21;45;BERNARD Julien;v8
21;46;KÜNG Stefan;v8
21;47;ERVITI Imanol;v8
21;48;MARTIN Guillaume;v8
21;49;MEINTJES Louis;v8
21;50;VAN AVERMAET Greg;v8
21;51;GILBERT Philippe;v8
21;52;VALVERDE Alejandro;v8
21;53;VAN POPPEL Boy;v8
21;54;RODRÍGUEZ Cristián;v8
21;55;WALLAYS Jelle;v8
21;56;MAS Enric;v8
21;57;ARMIRAIL Bruno;v8
21;58;DE LA PARTE Víctor;v8
21;59;SKUJIŅŠ Toms;v8
21;60;BJERG Mikkel;v8
21;61;MCNULTY Brandon;v8
21;62;GUERREIRO Ruben;v8
21;63;BISSEGGER Stefan;v8
21;64;RUTSCH Jonas;v8
21;65;LAENGEN Vegard Stake;v8
21;66;PARET-PEINTRE Aurélien;v8
21;67;CHAVES Esteban;v8
21;68;HIRSCHI Marc;v8
21;69;FORMOLO Davide;v8
21;70;MAJKA Rafał;v8
21;71;QUINTANA Nairo;v8
21;72;POGAČAR Tadej;v8
21;73;COSTA Rui;v8
21;74;LATOUR Pierre;v8
21;75;BILBAO Pello;v8
21;76;ROTA Lorenzo;v8
21;77;HOLLENSTEIN Reto;v8
21;78;CASTROVIEJO Jonathan;v8
21;79;BALLERINI Davide;v8
21;80;BENNETT Sean;v8
21;81;POWLESS Neilson;v8
21;82;GAUTIER Cyril;v8
21;83;BONNAMOUR Franck;v8
21;84;BARBERO Carlos;v8
21;85;IZAGIRRE Ion;v8
21;86;CHEVALIER Maxime;v8
21;87;MEURISSE Xandro;v8
21;88;CARAPAZ Richard;v8
21;89;GOLDSTEIN Omer;v8
21;90;FROOME Chris;v8
21;91;TEUNS Dylan;v8
21;92;URÁN Rigoberto;v8
21;93;KONRAD Patrick;v8
21;94;FERNÁNDEZ Rubén;v8
21;95;GRUZDEV Dmitriy;v8
21;96;ROLLAND Pierre;v8
21;97;VINGEGAARD Jonas;v8
21;98;HENAO Sergio;v8
21;99;NAESEN Oliver;v8
21;100;GAUDU David;v8
21;101;GEOGHEGAN HART Tao;v8
21;102;NIEUWENHUIS Joris;v8
21;103;DURBRIDGE Luke;v8
21;104;PEDERSEN Casper;v8
21;105;MOLLEMA Bauke;v8
21;106;ASGREEN Kasper;v8
21;107;THEUNS Edward;v8
21;108;POELS Wout;v8
21;109;DE GENDT Thomas;v8
21;110;PACHER Quentin;v8
21;111;MOHORIČ Matej;v8
21;112;PÉRICHON Pierre-Luc;v8
21;113;FRAILE Omar;v8
21;114;PORTE Richie;v8
21;115;THOMAS Geraint;v8
21;116;KWIATKOWSKI Michał;v8
21;117;BUCHMANN Emanuel;v8
21;118;MARTIN Dan;v8
21;119;HERRADA Jesús;v8
21;120;GESCHKE Simon;v8
21;121;COSNEFROY Benoît;v8
21;122;ZIMMERMANN Georg;v8
21;123;CATTANEO Mattia;v8
21;124;DEVENYNS Dries;v8
21;125;JUUL-JENSEN Christopher;v8
21;126;DOUBEY Fabien;v8
21;127;SWEENY Harry;v8
21;128;CLARKE Simon;v8
21;129;VERONA Carlos;v8
21;130;CABOT Jérémy;v8
21;131;VAN MOER Brent;v8
21;132;DONOVAN Mark;v8
21;133;SCHELLING Ide;v8
21;134;VAKOČ Petr;v8
21;135;ALAPHILIPPE Julian;v8
21;136;VALGREN Michael;v8
21;137;HIGUITA Sergio;v8
21;138;DECLERCQ Tim;v8
21;139;HOULE Hugo;v8
21;140;ELISSONDE Kenny;v8
21;141;TURGIS Anthony;v8
21;DNS;FUGLSANG Jakob;v8
